SRV_CD;SRV_NM_AR;SRV_NM_EN;SRV_GRP;DOMN;DPT_NO;PRCGRP_ID;UNT_CNT;SRV_TY;SRV_NAT;DISC;DISC_VL;DRPRNT;MNG;SRVRAT;Srv_by1;SRV_BY1_GRP;Srv_by2;SRV_BY2_GRP;Srv_by3;SRV_BY3_GRP;Srv_by4;SRV_BY4_GRP;Srv_by5;SRV_BY5_GRP;UNT_NO1;UNT_NO2;UNT_NO3;UNT_NO4;UNT_NO5;PAY_MD;PRC1;STAT;STAT_DT;PRC2;PRC3;PRC_TYP;MNGEXP;TAX1;TAX2;AUTO_SRV_CDS;UNTS;MINS;ENTEREDBY;UPDATEDBY;ENTRYDATE;UPDATEDATE;MSRV_CD;SKILL_LVL;TYPSKILL_LVL;EFCT;GLNO1;GLNO2;GLNO3;GLNO4;CLCSRV;CNSLT;CNSLTDYS;AZTRTY;MITMCD;STATE;OPMED;PHRM;AZTRTY_RTRN;WF_TR_NO;WF_LN_NO;DPTS;SRV_INV_CD;ANAID
07;الصيدلية ********;NULL;NULL;NULL;07;NULL;1;1;NULL;NULL;NULL;NULL;NULL;3;NULL;NULL;NULL;NULL;NULL;NULL;NULL;NULL;NULL;NULL;NULL;NULL;NULL;NULL;NULL;NULL;NULL;NULL;NULL;NULL;NULL;NULL;NULL;NULL;NULL;NULL;NULL;NULL;اشرف زكى;اشرف زكى;2009-06-24 11:35:23.000;2009-06-27 20:46:12.000;NULL;NULL;NULL;1;NULL;NULL;NULL;NULL;1;NULL;NULL;NULL;NULL;1;NULL;NULL;NULL;NULL;NULL;NULL;NULL;NULL
070101;صرف ادوية;NULL;NULL;NULL;07;NULL;1;2;NULL;NULL;NULL;NULL;NULL;3;NULL;NULL;NULL;NULL;NULL;NULL;NULL;NULL;NULL;NULL;NULL;NULL;NULL;NULL;NULL;NULL;NULL;NULL;NULL;NULL;NULL;NULL;NULL;NULL;NULL;NULL;NULL;NULL;اشرف زكى;اشرف زكى;2009-06-27 20:44:52.000;2009-11-08 03:33:39.000;07;NULL;NULL;1;NULL;NULL;NULL;NULL;1;NULL;NULL;NULL;;1;NULL;NULL;NULL;NULL;NULL;NULL;NULL;NULL
070102;صرف مستلزمات;NULL;NULL;NULL;07;NULL;1;2;NULL;NULL;NULL;NULL;NULL;3;NULL;NULL;NULL;NULL;NULL;NULL;NULL;NULL;NULL;NULL;NULL;NULL;NULL;NULL;NULL;NULL;NULL;NULL;NULL;NULL;NULL;NULL;NULL;NULL;NULL;NULL;NULL;NULL;اشرف زكى;NULL;2009-06-27 20:45:32.000;NULL;07;NULL;NULL;1;NULL;NULL;NULL;NULL;1;NULL;NULL;NULL;NULL;1;NULL;NULL;NULL;NULL;NULL;NULL;NULL;NULL
0807;عيادة الرمـــد *******;NULL;NULL;NULL;0807;NULL;1;1;NULL;NULL;NULL;NULL;NULL;3;NULL;NULL;NULL;NULL;NULL;NULL;NULL;NULL;NULL;NULL;NULL;NULL;NULL;NULL;NULL;NULL;NULL;NULL;NULL;NULL;NULL;NULL;NULL;NULL;NULL;NULL;NULL;NULL;اشرف زكى;اشرف زكى;2009-06-24 11:42:46.000;2009-06-28 22:57:48.000;NULL;NULL;NULL;1;NULL;NULL;NULL;NULL;1;NULL;NULL;NULL;NULL;1;NULL;NULL;NULL;NULL;NULL;NULL;NULL;NULL
080701;كشف استشارى رمــد;NULL;NULL;NULL;0807;NULL;1;2;NULL;NULL;NULL;NULL;NULL;3;NULL;NULL;NULL;NULL;NULL;NULL;NULL;NULL;NULL;NULL;NULL;NULL;NULL;NULL;NULL;NULL;NULL;NULL;NULL;NULL;NULL;NULL;NULL;NULL;NULL;NULL;NULL;NULL;اشرف زكى;اشرف زكى;2009-06-24 12:25:16.000;2009-06-24 12:25:32.000;0807;NULL;NULL;1;NULL;NULL;NULL;NULL;1;NULL;NULL;NULL;NULL;1;NULL;NULL;NULL;NULL;NULL;NULL;NULL;NULL
080702;كشف اخصائى رمـــد;NULL;NULL;NULL;0807;NULL;1;2;NULL;NULL;NULL;NULL;NULL;3;NULL;NULL;NULL;NULL;NULL;NULL;NULL;NULL;NULL;NULL;NULL;NULL;NULL;NULL;NULL;NULL;NULL;NULL;NULL;NULL;NULL;NULL;NULL;NULL;NULL;NULL;NULL;NULL;اشرف زكى;اشرف زكى;2009-06-27 14:56:00.000;2009-06-27 15:11:05.000;0807;NULL;NULL;1;NULL;NULL;NULL;NULL;1;NULL;NULL;NULL;NULL;1;NULL;NULL;NULL;NULL;NULL;NULL;NULL;NULL
080703;كشف استاذ والاستشارى رمـــد;NULL;NULL;NULL;0807;NULL;1;2;NULL;NULL;NULL;NULL;NULL;3;NULL;NULL;NULL;NULL;NULL;NULL;NULL;NULL;NULL;NULL;NULL;NULL;NULL;NULL;NULL;NULL;NULL;NULL;NULL;NULL;NULL;NULL;NULL;NULL;NULL;NULL;NULL;NULL;اشرف زكى;NULL;2009-06-27 19:35:38.000;NULL;0807;NULL;NULL;1;NULL;NULL;NULL;NULL;1;NULL;NULL;NULL;NULL;1;NULL;NULL;NULL;NULL;NULL;NULL;NULL;NULL
080704;استشارة بعد الكشف (اخصائى;NULL;NULL;NULL;0807;NULL;1;2;NULL;NULL;NULL;NULL;NULL;3;NULL;NULL;NULL;NULL;NULL;NULL;NULL;NULL;NULL;NULL;NULL;NULL;NULL;NULL;NULL;NULL;NULL;NULL;NULL;NULL;NULL;NULL;NULL;NULL;NULL;NULL;NULL;NULL;اشرف زكى;اشرف زكى;2009-06-27 20:25:49.000;2011-02-01 13:46:56.000;0807;NULL;NULL;1;NULL;NULL;NULL;NULL;1;NULL;NULL;NULL;NULL;1;NULL;NULL;NULL;NULL;NULL;NULL;NULL;NULL
080705;استدعاء استشارى رمـــد;NULL;NULL;NULL;0807;NULL;1;2;NULL;NULL;NULL;NULL;NULL;3;NULL;NULL;NULL;NULL;NULL;NULL;NULL;NULL;NULL;NULL;NULL;NULL;NULL;NULL;NULL;NULL;NULL;NULL;NULL;NULL;NULL;NULL;NULL;NULL;NULL;NULL;NULL;NULL;اشرف زكى;NULL;2009-06-28 04:35:33.000;NULL;0807;NULL;NULL;1;NULL;NULL;NULL;NULL;1;NULL;NULL;NULL;NULL;1;NULL;NULL;NULL;NULL;NULL;NULL;NULL;NULL
080706;استدعاء اخصائى رمـــد;NULL;NULL;NULL;0807;NULL;1;2;NULL;NULL;NULL;NULL;NULL;3;NULL;NULL;NULL;NULL;NULL;NULL;NULL;NULL;NULL;NULL;NULL;NULL;NULL;NULL;NULL;NULL;NULL;NULL;NULL;NULL;NULL;NULL;NULL;NULL;NULL;NULL;NULL;NULL;اشرف زكى;اشرف زكى;2009-06-28 04:36:37.000;2011-02-01 13:47:09.000;0807;NULL;NULL;1;NULL;NULL;NULL;NULL;1;NULL;NULL;NULL;NULL;1;NULL;NULL;NULL;NULL;NULL;NULL;NULL;NULL
080707;زيارة طبيب منزلية استشارى رمـــد;NULL;NULL;NULL;0807;NULL;1;2;NULL;NULL;NULL;NULL;NULL;3;NULL;NULL;NULL;NULL;NULL;NULL;NULL;NULL;NULL;NULL;NULL;NULL;NULL;NULL;NULL;NULL;NULL;NULL;NULL;NULL;NULL;NULL;NULL;NULL;NULL;NULL;NULL;NULL;اشرف زكى;NULL;2009-06-28 04:37:57.000;NULL;0807;NULL;NULL;1;NULL;NULL;NULL;NULL;1;NULL;NULL;NULL;NULL;1;NULL;NULL;NULL;NULL;NULL;NULL;NULL;NULL
080708;زيارة طبيب منزلية اخصائى رمـــد;NULL;NULL;NULL;0807;NULL;1;2;NULL;NULL;NULL;NULL;NULL;3;NULL;NULL;NULL;NULL;NULL;NULL;NULL;NULL;NULL;NULL;NULL;NULL;NULL;NULL;NULL;NULL;NULL;NULL;NULL;NULL;NULL;NULL;NULL;NULL;NULL;NULL;NULL;NULL;اشرف زكى;NULL;2009-06-28 04:38:43.000;NULL;0807;NULL;NULL;1;NULL;NULL;NULL;NULL;1;NULL;NULL;NULL;NULL;1;NULL;NULL;NULL;NULL;NULL;NULL;NULL;NULL
080709;كشف نظارة استشارى;NULL;NULL;NULL;0807;NULL;1;2;NULL;NULL;NULL;NULL;NULL;3;NULL;NULL;NULL;NULL;NULL;NULL;NULL;NULL;NULL;NULL;NULL;NULL;NULL;NULL;NULL;NULL;NULL;NULL;NULL;NULL;NULL;NULL;NULL;NULL;NULL;NULL;NULL;NULL;اشرف زكى;NULL;2009-07-14 09:23:33.000;NULL;0807;NULL;NULL;1;NULL;NULL;NULL;NULL;1;NULL;NULL;NULL;NULL;1;NULL;NULL;NULL;NULL;NULL;NULL;NULL;NULL
080710;كشف نظارة اخصائى;NULL;NULL;NULL;0807;NULL;1;2;NULL;NULL;NULL;NULL;NULL;3;NULL;NULL;NULL;NULL;NULL;NULL;NULL;NULL;NULL;NULL;NULL;NULL;NULL;NULL;NULL;NULL;NULL;NULL;NULL;NULL;NULL;NULL;NULL;NULL;NULL;NULL;NULL;NULL;اشرف زكى;NULL;2009-07-14 09:24:11.000;NULL;0807;NULL;NULL;1;NULL;NULL;NULL;NULL;1;NULL;NULL;NULL;NULL;1;NULL;NULL;NULL;NULL;NULL;NULL;NULL;NULL
080711;كشف نظارة (فحص قاع العين;NULL;NULL;NULL;0807;NULL;1;2;NULL;NULL;NULL;NULL;NULL;3;NULL;NULL;NULL;NULL;NULL;NULL;NULL;NULL;NULL;NULL;NULL;NULL;NULL;NULL;NULL;NULL;NULL;NULL;NULL;NULL;NULL;NULL;NULL;NULL;NULL;NULL;NULL;NULL;اشرف زكى;اشرف زكى;2009-07-16 13:50:26.000;2009-07-16 15:06:15.000;0807;NULL;NULL;1;NULL;NULL;NULL;NULL;1;NULL;NULL;NULL;NULL;1;NULL;NULL;NULL;NULL;NULL;NULL;NULL;NULL
080712;تصوير قاع العين بالفلوروسين (عين;NULL;NULL;NULL;0807;NULL;1;2;NULL;NULL;NULL;NULL;NULL;3;NULL;NULL;NULL;NULL;NULL;NULL;NULL;NULL;NULL;NULL;NULL;NULL;NULL;NULL;NULL;NULL;NULL;NULL;NULL;NULL;NULL;NULL;NULL;NULL;NULL;NULL;NULL;NULL;اشرف زكى;NULL;2009-07-16 13:52:01.000;NULL;0807;NULL;NULL;1;NULL;NULL;NULL;NULL;1;NULL;NULL;NULL;NULL;1;NULL;NULL;NULL;NULL;NULL;NULL;NULL;NULL
080713;تصوير قاع العين بالفلوروسين (عينين;NULL;NULL;NULL;0807;NULL;1;2;NULL;NULL;NULL;NULL;NULL;3;NULL;NULL;NULL;NULL;NULL;NULL;NULL;NULL;NULL;NULL;NULL;NULL;NULL;NULL;NULL;NULL;NULL;NULL;NULL;NULL;NULL;NULL;NULL;NULL;NULL;NULL;NULL;NULL;اشرف زكى;NULL;2009-07-16 13:53:15.000;NULL;0807;NULL;NULL;1;NULL;NULL;NULL;NULL;1;NULL;NULL;NULL;NULL;1;NULL;NULL;NULL;NULL;NULL;NULL;NULL;NULL
080714;تصوير ملون قاع العين (عين;NULL;NULL;NULL;0807;NULL;1;2;NULL;NULL;NULL;NULL;NULL;3;NULL;NULL;NULL;NULL;NULL;NULL;NULL;NULL;NULL;NULL;NULL;NULL;NULL;NULL;NULL;NULL;NULL;NULL;NULL;NULL;NULL;NULL;NULL;NULL;NULL;NULL;NULL;NULL;اشرف زكى;NULL;2009-07-16 13:55:20.000;NULL;0807;NULL;NULL;1;NULL;NULL;NULL;NULL;1;NULL;NULL;NULL;NULL;1;NULL;NULL;NULL;NULL;NULL;NULL;NULL;NULL
080715;تصوير ملون قاع العين (عينين;NULL;NULL;NULL;0807;NULL;1;2;NULL;NULL;NULL;NULL;NULL;3;NULL;NULL;NULL;NULL;NULL;NULL;NULL;NULL;NULL;NULL;NULL;NULL;NULL;NULL;NULL;NULL;NULL;NULL;NULL;NULL;NULL;NULL;NULL;NULL;NULL;NULL;NULL;NULL;اشرف زكى;NULL;2009-07-16 13:55:53.000;NULL;0807;NULL;NULL;1;NULL;NULL;NULL;NULL;1;NULL;NULL;NULL;NULL;1;NULL;NULL;NULL;NULL;NULL;NULL;NULL;NULL
080716;اختبار مجال النظر بالكمبيوتر - عين;NULL;NULL;NULL;0807;NULL;1;2;NULL;NULL;NULL;NULL;NULL;3;NULL;NULL;NULL;NULL;NULL;NULL;NULL;NULL;NULL;NULL;NULL;NULL;NULL;NULL;NULL;NULL;NULL;NULL;NULL;NULL;NULL;NULL;NULL;NULL;NULL;NULL;NULL;NULL;اشرف زكى;مدير;2009-07-16 13:57:16.000;2011-05-12 13:28:22.000;0807;NULL;NULL;1;NULL;NULL;NULL;NULL;1;NULL;NULL;NULL;NULL;1;NULL;NULL;NULL;NULL;NULL;NULL;NULL;NULL
080717;اختبار مجال النظر بالكمبيوتر - عينين;NULL;NULL;NULL;0807;NULL;1;2;NULL;NULL;NULL;NULL;NULL;3;NULL;NULL;NULL;NULL;NULL;NULL;NULL;NULL;NULL;NULL;NULL;NULL;NULL;NULL;NULL;NULL;NULL;NULL;NULL;NULL;NULL;NULL;NULL;NULL;NULL;NULL;NULL;NULL;اشرف زكى;مدير;2009-07-16 13:57:56.000;2011-05-12 13:28:46.000;0807;NULL;NULL;1;NULL;NULL;NULL;NULL;1;NULL;NULL;NULL;NULL;1;NULL;NULL;NULL;NULL;NULL;NULL;NULL;NULL
080718;قياس قوة العدسة الداخلية (عين;NULL;NULL;NULL;0807;NULL;1;2;NULL;NULL;NULL;NULL;NULL;3;NULL;NULL;NULL;NULL;NULL;NULL;NULL;NULL;NULL;NULL;NULL;NULL;NULL;NULL;NULL;NULL;NULL;NULL;NULL;NULL;NULL;NULL;NULL;NULL;NULL;NULL;NULL;NULL;اشرف زكى;NULL;2009-07-16 13:58:59.000;NULL;0807;NULL;NULL;1;NULL;NULL;NULL;NULL;1;NULL;NULL;NULL;NULL;1;NULL;NULL;NULL;NULL;NULL;NULL;NULL;NULL
080719;قياس قوة العدسة الداخلية (عينين;NULL;NULL;NULL;0807;NULL;1;2;NULL;NULL;NULL;NULL;NULL;3;NULL;NULL;NULL;NULL;NULL;NULL;NULL;NULL;NULL;NULL;NULL;NULL;NULL;NULL;NULL;NULL;NULL;NULL;NULL;NULL;NULL;NULL;NULL;NULL;NULL;NULL;NULL;NULL;اشرف زكى;NULL;2009-07-16 13:59:29.000;NULL;0807;NULL;NULL;1;NULL;NULL;NULL;NULL;1;NULL;NULL;NULL;NULL;1;NULL;NULL;NULL;NULL;NULL;NULL;NULL;NULL
080720;قياس سمك القرنية تصحيح الابصار بالليزر;NULL;NULL;NULL;0807;NULL;1;2;NULL;NULL;NULL;NULL;NULL;3;NULL;NULL;NULL;NULL;NULL;NULL;NULL;NULL;NULL;NULL;NULL;NULL;NULL;NULL;NULL;NULL;NULL;NULL;NULL;NULL;NULL;NULL;NULL;NULL;NULL;NULL;NULL;NULL;اشرف زكى;مدير;2009-07-16 14:01:37.000;2011-11-23 12:27:20.000;0807;NULL;NULL;1;NULL;NULL;NULL;NULL;1;NULL;NULL;NULL;NULL;1;NULL;NULL;NULL;NULL;NULL;NULL;NULL;NULL
080721;موجات فوق الصوتية (عين;NULL;NULL;NULL;0807;NULL;1;2;NULL;NULL;NULL;NULL;NULL;3;NULL;NULL;NULL;NULL;NULL;NULL;NULL;NULL;NULL;NULL;NULL;NULL;NULL;NULL;NULL;NULL;NULL;NULL;NULL;NULL;NULL;NULL;NULL;NULL;NULL;NULL;NULL;NULL;اشرف زكى;NULL;2009-07-16 14:02:56.000;NULL;0807;NULL;NULL;1;NULL;NULL;NULL;NULL;1;NULL;NULL;NULL;NULL;1;NULL;NULL;NULL;NULL;NULL;NULL;NULL;NULL
080722;موجات فوق الصوتية (عينين;NULL;NULL;NULL;0807;NULL;1;2;NULL;NULL;NULL;NULL;NULL;3;NULL;NULL;NULL;NULL;NULL;NULL;NULL;NULL;NULL;NULL;NULL;NULL;NULL;NULL;NULL;NULL;NULL;NULL;NULL;NULL;NULL;NULL;NULL;NULL;NULL;NULL;NULL;NULL;اشرف زكى;NULL;2009-07-16 14:03:28.000;NULL;0807;NULL;NULL;1;NULL;NULL;NULL;NULL;1;NULL;NULL;NULL;NULL;1;NULL;NULL;NULL;NULL;NULL;NULL;NULL;NULL
080723;استئصال كيس دهنى بالعين;NULL;NULL;NULL;0807;NULL;1;2;NULL;NULL;NULL;NULL;NULL;3;NULL;NULL;NULL;NULL;NULL;NULL;NULL;NULL;NULL;NULL;NULL;NULL;NULL;NULL;NULL;NULL;NULL;NULL;NULL;NULL;NULL;NULL;NULL;NULL;NULL;NULL;NULL;NULL;اشرف زكى;NULL;2009-07-16 14:05:00.000;NULL;0807;NULL;NULL;1;NULL;NULL;NULL;NULL;1;NULL;NULL;NULL;NULL;1;NULL;NULL;NULL;NULL;NULL;NULL;NULL;NULL
080724;استخراج جسم غريب بالعين;NULL;NULL;NULL;0807;NULL;1;2;NULL;NULL;NULL;NULL;NULL;3;NULL;NULL;NULL;NULL;NULL;NULL;NULL;NULL;NULL;NULL;NULL;NULL;NULL;NULL;NULL;NULL;NULL;NULL;NULL;NULL;NULL;NULL;NULL;NULL;NULL;NULL;NULL;NULL;اشرف زكى;NULL;2009-07-16 14:05:39.000;NULL;0807;NULL;NULL;1;NULL;NULL;NULL;NULL;1;NULL;NULL;NULL;NULL;1;NULL;NULL;NULL;NULL;NULL;NULL;NULL;NULL
080725;تصليح قطوع سطحية بغشاء الملتحمة;NULL;NULL;NULL;0807;NULL;1;2;NULL;NULL;NULL;NULL;NULL;3;NULL;NULL;NULL;NULL;NULL;NULL;NULL;NULL;NULL;NULL;NULL;NULL;NULL;NULL;NULL;NULL;NULL;NULL;NULL;NULL;NULL;NULL;NULL;NULL;NULL;NULL;NULL;NULL;اشرف زكى;NULL;2009-07-16 14:06:43.000;NULL;0807;NULL;NULL;1;NULL;NULL;NULL;NULL;1;NULL;NULL;NULL;NULL;1;NULL;NULL;NULL;NULL;NULL;NULL;NULL;NULL
080726;قشط قرحة شجيرية بالعين;NULL;NULL;NULL;0807;NULL;1;2;NULL;NULL;NULL;NULL;NULL;3;NULL;NULL;NULL;NULL;NULL;NULL;NULL;NULL;NULL;NULL;NULL;NULL;NULL;NULL;NULL;NULL;NULL;NULL;NULL;NULL;NULL;NULL;NULL;NULL;NULL;NULL;NULL;NULL;اشرف زكى;NULL;2009-07-16 14:07:27.000;NULL;0807;NULL;NULL;1;NULL;NULL;NULL;NULL;1;NULL;NULL;NULL;NULL;1;NULL;NULL;NULL;NULL;NULL;NULL;NULL;NULL
080727;ازالة حبوب التراكوما بالعين;NULL;NULL;NULL;0807;NULL;1;2;NULL;NULL;NULL;NULL;NULL;3;NULL;NULL;NULL;NULL;NULL;NULL;NULL;NULL;NULL;NULL;NULL;NULL;NULL;NULL;NULL;NULL;NULL;NULL;NULL;NULL;NULL;NULL;NULL;NULL;NULL;NULL;NULL;NULL;اشرف زكى;NULL;2009-07-16 14:08:25.000;NULL;0807;NULL;NULL;1;NULL;NULL;NULL;NULL;1;NULL;NULL;NULL;NULL;1;NULL;NULL;NULL;NULL;NULL;NULL;NULL;NULL
080728;ازالة غرز بالعين;NULL;NULL;NULL;0807;NULL;1;2;NULL;NULL;NULL;NULL;NULL;3;NULL;NULL;NULL;NULL;NULL;NULL;NULL;NULL;NULL;NULL;NULL;NULL;NULL;NULL;NULL;NULL;NULL;NULL;NULL;NULL;NULL;NULL;NULL;NULL;NULL;NULL;NULL;NULL;اشرف زكى;NULL;2009-07-16 14:09:53.000;NULL;0807;NULL;NULL;1;NULL;NULL;NULL;NULL;1;NULL;NULL;NULL;NULL;1;NULL;NULL;NULL;NULL;NULL;NULL;NULL;NULL
080729;تصليح قطع صغير بالجفن;NULL;NULL;NULL;0807;NULL;1;2;NULL;NULL;NULL;NULL;NULL;3;NULL;NULL;NULL;NULL;NULL;NULL;NULL;NULL;NULL;NULL;NULL;NULL;NULL;NULL;NULL;NULL;NULL;NULL;NULL;NULL;NULL;NULL;NULL;NULL;NULL;NULL;NULL;NULL;اشرف زكى;NULL;2009-07-16 14:10:36.000;NULL;0807;NULL;NULL;1;NULL;NULL;NULL;NULL;1;NULL;NULL;NULL;NULL;1;NULL;NULL;NULL;NULL;NULL;NULL;NULL;NULL
080730;تسليك مجرى الدموع (عين;NULL;NULL;NULL;0807;NULL;1;2;NULL;NULL;NULL;NULL;NULL;3;NULL;NULL;NULL;NULL;NULL;NULL;NULL;NULL;NULL;NULL;NULL;NULL;NULL;NULL;NULL;NULL;NULL;NULL;NULL;NULL;NULL;NULL;NULL;NULL;NULL;NULL;NULL;NULL;اشرف زكى;NULL;2009-07-16 14:11:27.000;NULL;0807;NULL;NULL;1;NULL;NULL;NULL;NULL;1;NULL;NULL;NULL;NULL;1;NULL;NULL;NULL;NULL;NULL;NULL;NULL;NULL
080731;سد مجرى الدمع باستخدام كولاجين (عين;NULL;NULL;NULL;0807;NULL;1;2;NULL;NULL;NULL;NULL;NULL;3;NULL;NULL;NULL;NULL;NULL;NULL;NULL;NULL;NULL;NULL;NULL;NULL;NULL;NULL;NULL;NULL;NULL;NULL;NULL;NULL;NULL;NULL;NULL;NULL;NULL;NULL;NULL;NULL;اشرف زكى;NULL;2009-07-16 14:13:06.000;NULL;0807;NULL;NULL;1;NULL;NULL;NULL;NULL;1;NULL;NULL;NULL;NULL;1;NULL;NULL;NULL;NULL;NULL;NULL;NULL;NULL
080732;سد مجرى الدمع باستخدام السليكون (عين;NULL;NULL;NULL;0807;NULL;1;2;NULL;NULL;NULL;NULL;NULL;3;NULL;NULL;NULL;NULL;NULL;NULL;NULL;NULL;NULL;NULL;NULL;NULL;NULL;NULL;NULL;NULL;NULL;NULL;NULL;NULL;NULL;NULL;NULL;NULL;NULL;NULL;NULL;NULL;اشرف زكى;NULL;2009-07-16 14:13:58.000;NULL;0807;NULL;NULL;1;NULL;NULL;NULL;NULL;1;NULL;NULL;NULL;NULL;1;NULL;NULL;NULL;NULL;NULL;NULL;NULL;NULL
080733;كى شعرة بالكهرباء (عين;NULL;NULL;NULL;0807;NULL;1;2;NULL;NULL;NULL;NULL;NULL;3;NULL;NULL;NULL;NULL;NULL;NULL;NULL;NULL;NULL;NULL;NULL;NULL;NULL;NULL;NULL;NULL;NULL;NULL;NULL;NULL;NULL;NULL;NULL;NULL;NULL;NULL;NULL;NULL;اشرف زكى;NULL;2009-07-16 14:15:03.000;NULL;0807;NULL;NULL;1;NULL;NULL;NULL;NULL;1;NULL;NULL;NULL;NULL;1;NULL;NULL;NULL;NULL;NULL;NULL;NULL;NULL
080734;حقن تحت الملتحمة (عين;NULL;NULL;NULL;0807;NULL;1;2;NULL;NULL;NULL;NULL;NULL;3;NULL;NULL;NULL;NULL;NULL;NULL;NULL;NULL;NULL;NULL;NULL;NULL;NULL;NULL;NULL;NULL;NULL;NULL;NULL;NULL;NULL;NULL;NULL;NULL;NULL;NULL;NULL;NULL;اشرف زكى;NULL;2009-07-16 14:15:47.000;NULL;0807;NULL;NULL;1;NULL;NULL;NULL;NULL;1;NULL;NULL;NULL;NULL;1;NULL;NULL;NULL;NULL;NULL;NULL;NULL;NULL
080735;فحص قاع العين (اخصائى;NULL;NULL;NULL;0807;NULL;1;2;NULL;NULL;NULL;NULL;NULL;3;NULL;NULL;NULL;NULL;NULL;NULL;NULL;NULL;NULL;NULL;NULL;NULL;NULL;NULL;NULL;NULL;NULL;NULL;NULL;NULL;NULL;NULL;NULL;NULL;NULL;NULL;NULL;NULL;اشرف زكى;اشرف زكى;2009-07-16 14:24:02.000;2010-06-22 11:54:04.000;0807;NULL;NULL;1;NULL;NULL;NULL;NULL;1;NULL;NULL;NULL;NULL;1;NULL;NULL;NULL;NULL;NULL;NULL;NULL;NULL
080736;فتح دمل بالعين;NULL;NULL;NULL;0807;NULL;1;2;NULL;NULL;NULL;NULL;NULL;3;NULL;NULL;NULL;NULL;NULL;NULL;NULL;NULL;NULL;NULL;NULL;NULL;NULL;NULL;NULL;NULL;NULL;NULL;NULL;NULL;NULL;NULL;NULL;NULL;NULL;NULL;NULL;NULL;اشرف زكى;NULL;2009-07-16 14:24:35.000;NULL;0807;NULL;NULL;1;NULL;NULL;NULL;NULL;1;NULL;NULL;NULL;NULL;1;NULL;NULL;NULL;NULL;NULL;NULL;NULL;NULL
080737;قياس ضغط العين;NULL;NULL;NULL;0807;NULL;1;2;NULL;NULL;NULL;NULL;NULL;3;NULL;NULL;NULL;NULL;NULL;NULL;NULL;NULL;NULL;NULL;NULL;NULL;NULL;NULL;NULL;NULL;NULL;NULL;NULL;NULL;NULL;NULL;NULL;NULL;NULL;NULL;NULL;NULL;اشرف زكى;NULL;2009-07-16 14:25:13.000;NULL;0807;NULL;NULL;1;NULL;NULL;NULL;NULL;1;NULL;NULL;NULL;NULL;1;NULL;NULL;NULL;NULL;NULL;NULL;NULL;NULL
080738;اتعاب الطبيب جلسة (ياج / ارجون- عين;NULL;NULL;NULL;0807;NULL;1;2;NULL;NULL;NULL;NULL;NULL;3;NULL;NULL;NULL;NULL;NULL;NULL;NULL;NULL;NULL;NULL;NULL;NULL;NULL;NULL;NULL;NULL;NULL;NULL;NULL;NULL;NULL;NULL;NULL;NULL;NULL;NULL;NULL;NULL;اشرف زكى;مدير;2009-07-16 15:01:06.000;2011-06-16 14:24:56.000;0807;NULL;NULL;1;NULL;NULL;NULL;NULL;1;NULL;NULL;NULL;NULL;1;NULL;NULL;NULL;NULL;NULL;NULL;NULL;NULL
080739;رسم استخدام جهاز الليزر (ارجون - عين;NULL;NULL;NULL;0807;NULL;1;2;NULL;NULL;NULL;NULL;NULL;3;NULL;NULL;NULL;NULL;NULL;NULL;NULL;NULL;NULL;NULL;NULL;NULL;NULL;NULL;NULL;NULL;NULL;NULL;NULL;NULL;NULL;NULL;NULL;NULL;NULL;NULL;NULL;NULL;اشرف زكى;مدير;2009-07-16 15:03:08.000;2011-06-16 14:25:10.000;0807;NULL;NULL;1;NULL;NULL;NULL;NULL;1;NULL;NULL;NULL;NULL;1;NULL;NULL;NULL;NULL;NULL;NULL;NULL;NULL
080740;رسم استخدام جهاز الليزر (ياج - عين;NULL;NULL;NULL;0807;NULL;1;2;NULL;NULL;NULL;NULL;NULL;3;NULL;NULL;NULL;NULL;NULL;NULL;NULL;NULL;NULL;NULL;NULL;NULL;NULL;NULL;NULL;NULL;NULL;NULL;NULL;NULL;NULL;NULL;NULL;NULL;NULL;NULL;NULL;NULL;اشرف زكى;مدير;2009-07-16 15:03:45.000;2011-06-16 14:25:23.000;0807;NULL;NULL;1;NULL;NULL;NULL;NULL;1;NULL;NULL;NULL;NULL;1;NULL;NULL;NULL;NULL;NULL;NULL;NULL;NULL
080741;جلسة ياج ليزر /عين;NULL;NULL;NULL;0807;NULL;1;2;NULL;NULL;NULL;NULL;NULL;3;NULL;NULL;NULL;NULL;NULL;NULL;NULL;NULL;NULL;NULL;NULL;NULL;NULL;NULL;NULL;NULL;NULL;NULL;NULL;NULL;NULL;NULL;NULL;NULL;NULL;NULL;NULL;NULL;اشرف زكى;NULL;2009-07-16 15:07:31.000;NULL;0807;NULL;NULL;1;NULL;NULL;NULL;NULL;1;NULL;NULL;NULL;NULL;1;NULL;NULL;NULL;NULL;NULL;NULL;NULL;NULL
080742;جلسة ياج ليزر /عينين;NULL;NULL;NULL;0807;NULL;1;2;NULL;NULL;NULL;NULL;NULL;3;NULL;NULL;NULL;NULL;NULL;NULL;NULL;NULL;NULL;NULL;NULL;NULL;NULL;NULL;NULL;NULL;NULL;NULL;NULL;NULL;NULL;NULL;NULL;NULL;NULL;NULL;NULL;NULL;اشرف زكى;مدير;2009-07-16 15:08:11.000;2011-05-23 15:09:30.000;0807;NULL;NULL;1;NULL;NULL;NULL;NULL;1;NULL;NULL;NULL;NULL;1;NULL;NULL;NULL;NULL;NULL;NULL;NULL;NULL
080743;جلسة ارجون ليزر / عين;NULL;NULL;NULL;0807;NULL;1;2;NULL;NULL;NULL;NULL;NULL;3;NULL;NULL;NULL;NULL;NULL;NULL;NULL;NULL;NULL;NULL;NULL;NULL;NULL;NULL;NULL;NULL;NULL;NULL;NULL;NULL;NULL;NULL;NULL;NULL;NULL;NULL;NULL;NULL;اشرف زكى;مدير;2009-07-16 15:09:02.000;2011-05-23 15:11:44.000;0807;NULL;NULL;1;NULL;NULL;NULL;NULL;1;NULL;NULL;NULL;NULL;1;NULL;NULL;NULL;NULL;NULL;NULL;NULL;NULL
080744;جلسة ارجون ليزر /عينين;NULL;NULL;NULL;0807;NULL;1;2;NULL;NULL;NULL;NULL;NULL;3;NULL;NULL;NULL;NULL;NULL;NULL;NULL;NULL;NULL;NULL;NULL;NULL;NULL;NULL;NULL;NULL;NULL;NULL;NULL;NULL;NULL;NULL;NULL;NULL;NULL;NULL;NULL;NULL;اشرف زكى;NULL;2009-07-16 15:09:51.000;NULL;0807;NULL;NULL;1;NULL;NULL;NULL;NULL;1;NULL;NULL;NULL;NULL;1;NULL;NULL;NULL;NULL;NULL;NULL;NULL;NULL
080745;مقطعية على العين O.C.T شبكية ;NULL;NULL;NULL;0807;NULL;1;2;NULL;NULL;NULL;NULL;NULL;3;NULL;NULL;NULL;NULL;NULL;NULL;NULL;NULL;NULL;NULL;NULL;NULL;NULL;NULL;NULL;NULL;NULL;NULL;NULL;NULL;NULL;NULL;NULL;NULL;NULL;NULL;NULL;NULL;اشرف زكى;اشرف زكى;2009-07-16 15:11:00.000;2009-12-14 02:56:43.000;0807;NULL;NULL;1;NULL;NULL;NULL;NULL;1;NULL;NULL;NULL;NULL;1;NULL;NULL;NULL;NULL;NULL;NULL;NULL;NULL
080746;مقطعية على العين O.C.T عصب بصرى;NULL;NULL;NULL;0807;NULL;1;2;NULL;NULL;NULL;NULL;NULL;3;NULL;NULL;NULL;NULL;NULL;NULL;NULL;NULL;NULL;NULL;NULL;NULL;NULL;NULL;NULL;NULL;NULL;NULL;NULL;NULL;NULL;NULL;NULL;NULL;NULL;NULL;NULL;NULL;اشرف زكى;NULL;2009-12-14 02:59:03.000;NULL;0807;NULL;NULL;1;NULL;NULL;NULL;NULL;1;NULL;NULL;NULL;NULL;1;NULL;NULL;NULL;NULL;NULL;NULL;NULL;NULL
080747;مقطعية  O.C.T  عصب بصرى على العينين;NULL;NULL;NULL;0807;NULL;1;2;NULL;NULL;NULL;NULL;NULL;3;NULL;NULL;NULL;NULL;NULL;NULL;NULL;NULL;NULL;NULL;NULL;NULL;NULL;NULL;NULL;NULL;NULL;NULL;NULL;NULL;NULL;NULL;NULL;NULL;NULL;NULL;NULL;NULL;اشرف زكى;اشرف زكى;2009-12-14 03:00:01.000;2010-01-18 00:24:48.000;0807;NULL;NULL;1;NULL;NULL;NULL;NULL;1;NULL;NULL;NULL;NULL;1;NULL;NULL;NULL;NULL;NULL;NULL;NULL;NULL
080748;تجربة عدسة صلبة;NULL;NULL;NULL;0807;NULL;1;2;NULL;NULL;NULL;NULL;NULL;3;NULL;NULL;NULL;NULL;NULL;NULL;NULL;NULL;NULL;NULL;NULL;NULL;NULL;NULL;NULL;NULL;NULL;NULL;NULL;NULL;NULL;NULL;NULL;NULL;NULL;NULL;NULL;NULL;اشرف زكى;NULL;2010-01-02 05:03:42.000;NULL;0807;NULL;NULL;1;NULL;NULL;NULL;NULL;1;NULL;NULL;NULL;NULL;1;NULL;NULL;NULL;NULL;NULL;NULL;NULL;NULL
080749;مقطعية O.C.T شبكية على العينين;NULL;NULL;NULL;0807;NULL;1;2;NULL;NULL;NULL;NULL;NULL;3;NULL;NULL;NULL;NULL;NULL;NULL;NULL;NULL;NULL;NULL;NULL;NULL;NULL;NULL;NULL;NULL;NULL;NULL;NULL;NULL;NULL;NULL;NULL;NULL;NULL;NULL;NULL;NULL;اشرف زكى;NULL;2010-01-18 00:23:19.000;NULL;0807;NULL;NULL;1;NULL;NULL;NULL;NULL;1;NULL;NULL;NULL;NULL;1;NULL;NULL;NULL;NULL;NULL;NULL;NULL;NULL
080750;جلسة اشعة بيتا;NULL;NULL;NULL;0807;NULL;1;2;NULL;NULL;NULL;NULL;NULL;3;NULL;NULL;NULL;NULL;NULL;NULL;NULL;NULL;NULL;NULL;NULL;NULL;NULL;NULL;NULL;NULL;NULL;NULL;NULL;NULL;NULL;NULL;NULL;NULL;NULL;NULL;NULL;NULL;اشرف زكى;NULL;2010-04-28 14:25:04.000;NULL;0807;NULL;NULL;1;NULL;NULL;NULL;NULL;1;NULL;NULL;NULL;NULL;1;NULL;NULL;NULL;NULL;NULL;NULL;NULL;NULL
080751;قياس قوة العدسة (عين) - استدعاء;NULL;NULL;NULL;0807;NULL;1;2;NULL;NULL;NULL;NULL;NULL;3;NULL;NULL;NULL;NULL;NULL;NULL;NULL;NULL;NULL;NULL;NULL;NULL;NULL;NULL;NULL;NULL;NULL;NULL;NULL;NULL;NULL;NULL;NULL;NULL;NULL;NULL;NULL;NULL;اشرف زكى;NULL;2010-10-16 14:26:34.000;NULL;0807;NULL;NULL;1;NULL;NULL;NULL;NULL;1;NULL;NULL;NULL;NULL;1;NULL;NULL;NULL;NULL;NULL;NULL;NULL;NULL
080752;قياس قوة العدسة (عينين) - استدعاء;NULL;NULL;NULL;0807;NULL;1;2;NULL;NULL;NULL;NULL;NULL;3;NULL;NULL;NULL;NULL;NULL;NULL;NULL;NULL;NULL;NULL;NULL;NULL;NULL;NULL;NULL;NULL;NULL;NULL;NULL;NULL;NULL;NULL;NULL;NULL;NULL;NULL;NULL;NULL;اشرف زكى;NULL;2010-10-16 14:27:27.000;NULL;0807;NULL;NULL;1;NULL;NULL;NULL;NULL;1;NULL;NULL;NULL;NULL;1;NULL;NULL;NULL;NULL;NULL;NULL;NULL;NULL
080753;عد خلايا القرنية - عين;NULL;NULL;NULL;0807;NULL;1;2;NULL;NULL;NULL;NULL;NULL;3;NULL;NULL;NULL;NULL;NULL;NULL;NULL;NULL;NULL;NULL;NULL;NULL;NULL;NULL;NULL;NULL;NULL;NULL;NULL;NULL;NULL;NULL;NULL;NULL;NULL;NULL;NULL;NULL;مدير;NULL;2011-11-23 12:29:26.000;NULL;0807;NULL;NULL;1;NULL;NULL;NULL;NULL;1;NULL;NULL;NULL;NULL;1;NULL;NULL;NULL;NULL;NULL;NULL;NULL;NULL
080754;عد خلايا القرنية - عينين;NULL;NULL;NULL;0807;NULL;1;2;NULL;NULL;NULL;NULL;NULL;3;NULL;NULL;NULL;NULL;NULL;NULL;NULL;NULL;NULL;NULL;NULL;NULL;NULL;NULL;NULL;NULL;NULL;NULL;NULL;NULL;NULL;NULL;NULL;NULL;NULL;NULL;NULL;NULL;مدير;NULL;2011-11-23 12:35:51.000;NULL;0807;NULL;NULL;1;NULL;NULL;NULL;NULL;1;NULL;NULL;NULL;NULL;1;NULL;NULL;NULL;NULL;NULL;NULL;NULL;NULL
080755;قياس سمك القرنية - عين;NULL;NULL;NULL;0807;NULL;1;2;NULL;NULL;NULL;NULL;NULL;3;NULL;NULL;NULL;NULL;NULL;NULL;NULL;NULL;NULL;NULL;NULL;NULL;NULL;NULL;NULL;NULL;NULL;NULL;NULL;NULL;NULL;NULL;NULL;NULL;NULL;NULL;NULL;NULL;مدير;NULL;2011-11-23 12:36:30.000;NULL;0807;NULL;NULL;1;NULL;NULL;NULL;NULL;1;NULL;NULL;NULL;NULL;1;NULL;NULL;NULL;NULL;NULL;NULL;NULL;NULL
080756;قياس سمك القرنية - عينين;NULL;NULL;NULL;0807;NULL;1;2;NULL;NULL;NULL;NULL;NULL;3;NULL;NULL;NULL;NULL;NULL;NULL;NULL;NULL;NULL;NULL;NULL;NULL;NULL;NULL;NULL;NULL;NULL;NULL;NULL;NULL;NULL;NULL;NULL;NULL;NULL;NULL;NULL;NULL;مدير;NULL;2011-11-23 12:36:56.000;NULL;0807;NULL;NULL;1;NULL;NULL;NULL;NULL;1;NULL;NULL;NULL;NULL;1;NULL;NULL;NULL;NULL;NULL;NULL;NULL;NULL
080786;كشف تصحيح ابصار;NULL;NULL;NULL;0807;NULL;1;2;NULL;NULL;NULL;NULL;NULL;3;NULL;NULL;NULL;NULL;NULL;NULL;NULL;NULL;NULL;NULL;NULL;NULL;NULL;NULL;NULL;NULL;NULL;NULL;NULL;NULL;NULL;NULL;NULL;NULL;NULL;NULL;NULL;NULL;مدير;NULL;2011-06-07 16:07:52.000;NULL;0807;NULL;NULL;1;NULL;NULL;NULL;NULL;1;NULL;NULL;NULL;NULL;1;NULL;NULL;NULL;NULL;NULL;NULL;NULL;NULL
080787;ايرادات متنوعة تصحيح ابصار;NULL;NULL;NULL;0807;NULL;1;2;NULL;NULL;NULL;NULL;NULL;3;NULL;NULL;NULL;NULL;NULL;NULL;NULL;NULL;NULL;NULL;NULL;NULL;NULL;NULL;NULL;NULL;NULL;NULL;NULL;NULL;NULL;NULL;NULL;NULL;NULL;NULL;NULL;NULL;مدير;NULL;2011-06-07 16:08:31.000;NULL;0807;NULL;NULL;1;NULL;NULL;NULL;NULL;1;NULL;NULL;NULL;NULL;1;NULL;NULL;NULL;NULL;NULL;NULL;NULL;NULL
080788;تحضير لكشف الاستشارى;NULL;NULL;NULL;0807;NULL;1;2;NULL;NULL;NULL;NULL;NULL;3;NULL;NULL;NULL;NULL;NULL;NULL;NULL;NULL;NULL;NULL;NULL;NULL;NULL;NULL;NULL;NULL;NULL;NULL;NULL;NULL;NULL;NULL;NULL;NULL;NULL;NULL;NULL;NULL;اشرف زكى;NULL;2010-07-29 14:09:01.000;NULL;0807;NULL;NULL;1;NULL;NULL;NULL;NULL;1;NULL;NULL;NULL;NULL;1;NULL;NULL;NULL;NULL;NULL;NULL;NULL;NULL
080789;كشف الاستشارى بعد التحضير;NULL;NULL;NULL;0807;NULL;1;2;NULL;NULL;NULL;NULL;NULL;3;NULL;NULL;NULL;NULL;NULL;NULL;NULL;NULL;NULL;NULL;NULL;NULL;NULL;NULL;NULL;NULL;NULL;NULL;NULL;NULL;NULL;NULL;NULL;NULL;NULL;NULL;NULL;NULL;اشرف زكى;NULL;2010-07-29 14:09:52.000;NULL;0807;NULL;NULL;1;NULL;NULL;NULL;NULL;1;NULL;NULL;NULL;NULL;1;NULL;NULL;NULL;NULL;NULL;NULL;NULL;NULL
080790;كشف نظارة استاذ;NULL;NULL;NULL;0807;NULL;1;2;NULL;NULL;NULL;NULL;NULL;3;NULL;NULL;NULL;NULL;NULL;NULL;NULL;NULL;NULL;NULL;NULL;NULL;NULL;NULL;NULL;NULL;NULL;NULL;NULL;NULL;NULL;NULL;NULL;NULL;NULL;NULL;NULL;NULL;اشرف زكى;NULL;2010-06-22 11:45:34.000;NULL;0807;NULL;NULL;1;NULL;NULL;NULL;NULL;1;NULL;NULL;NULL;NULL;1;NULL;NULL;NULL;NULL;NULL;NULL;NULL;NULL
080791;فحص قاع العين (استاذ;NULL;NULL;NULL;0807;NULL;1;2;NULL;NULL;NULL;NULL;NULL;3;NULL;NULL;NULL;NULL;NULL;NULL;NULL;NULL;NULL;NULL;NULL;NULL;NULL;NULL;NULL;NULL;NULL;NULL;NULL;NULL;NULL;NULL;NULL;NULL;NULL;NULL;NULL;NULL;اشرف زكى;NULL;2010-06-22 11:08:30.000;NULL;0807;NULL;NULL;1;NULL;NULL;NULL;NULL;1;NULL;NULL;NULL;NULL;1;NULL;NULL;NULL;NULL;NULL;NULL;NULL;NULL
080792;فحص قاع العين (استشارى;NULL;NULL;NULL;0807;NULL;1;2;NULL;NULL;NULL;NULL;NULL;3;NULL;NULL;NULL;NULL;NULL;NULL;NULL;NULL;NULL;NULL;NULL;NULL;NULL;NULL;NULL;NULL;NULL;NULL;NULL;NULL;NULL;NULL;NULL;NULL;NULL;NULL;NULL;NULL;اشرف زكى;NULL;2010-06-22 11:09:17.000;NULL;0807;NULL;NULL;1;NULL;NULL;NULL;NULL;1;NULL;NULL;NULL;NULL;1;NULL;NULL;NULL;NULL;NULL;NULL;NULL;NULL
080793;استشارة بعد الكشف (استشارى;NULL;NULL;NULL;0807;NULL;1;2;NULL;NULL;NULL;NULL;NULL;3;NULL;NULL;NULL;NULL;NULL;NULL;NULL;NULL;NULL;NULL;NULL;NULL;NULL;NULL;NULL;NULL;NULL;NULL;NULL;NULL;NULL;NULL;NULL;NULL;NULL;NULL;NULL;NULL;اشرف زكى;NULL;2010-06-22 10:42:50.000;NULL;0807;NULL;NULL;1;NULL;NULL;NULL;NULL;1;NULL;NULL;NULL;NULL;1;NULL;NULL;NULL;NULL;NULL;NULL;NULL;NULL
080794;فرق تعاقد;NULL;NULL;NULL;0807;NULL;1;2;NULL;NULL;NULL;NULL;NULL;3;NULL;NULL;NULL;NULL;NULL;NULL;NULL;NULL;NULL;NULL;NULL;NULL;NULL;NULL;NULL;NULL;NULL;NULL;NULL;NULL;NULL;NULL;NULL;NULL;NULL;NULL;NULL;NULL;اشرف زكى;NULL;2010-04-11 13:41:31.000;NULL;NULL;NULL;NULL;1;NULL;NULL;NULL;NULL;1;NULL;NULL;NULL;NULL;1;NULL;NULL;NULL;NULL;NULL;NULL;NULL;NULL
080796;ايرادات مبيعات عدسات;NULL;NULL;NULL;0807;NULL;1;2;NULL;NULL;NULL;NULL;NULL;3;NULL;NULL;NULL;NULL;NULL;NULL;NULL;NULL;NULL;NULL;NULL;NULL;NULL;NULL;NULL;NULL;NULL;NULL;NULL;NULL;NULL;NULL;NULL;NULL;NULL;NULL;NULL;NULL;اشرف زكى;NULL;2009-07-16 15:16:05.000;NULL;0807;NULL;NULL;1;NULL;NULL;NULL;NULL;1;NULL;NULL;NULL;NULL;1;NULL;NULL;NULL;NULL;NULL;NULL;NULL;NULL
080797;ايرادات تركيب عدسات;NULL;NULL;NULL;0807;NULL;1;2;NULL;NULL;NULL;NULL;NULL;3;NULL;NULL;NULL;NULL;NULL;NULL;NULL;NULL;NULL;NULL;NULL;NULL;NULL;NULL;NULL;NULL;NULL;NULL;NULL;NULL;NULL;NULL;NULL;NULL;NULL;NULL;NULL;NULL;اشرف زكى;NULL;2009-07-16 15:15:11.000;NULL;0807;NULL;NULL;1;NULL;NULL;NULL;NULL;1;NULL;NULL;NULL;NULL;1;NULL;NULL;NULL;NULL;NULL;NULL;NULL;NULL
080798;صرف ادوية ومستلزمات;NULL;NULL;NULL;0807;NULL;1;2;NULL;NULL;NULL;NULL;NULL;3;NULL;NULL;NULL;NULL;NULL;NULL;NULL;NULL;NULL;NULL;NULL;NULL;NULL;NULL;NULL;NULL;NULL;NULL;NULL;NULL;NULL;NULL;NULL;NULL;NULL;NULL;NULL;NULL;اشرف زكى;NULL;2009-07-16 15:13:45.000;NULL;0807;NULL;NULL;1;NULL;NULL;NULL;NULL;1;NULL;NULL;NULL;NULL;1;NULL;NULL;NULL;NULL;NULL;NULL;NULL;NULL
080799;عملية صغرى بسيطة فى حينة;NULL;NULL;NULL;0807;NULL;1;2;NULL;NULL;NULL;NULL;NULL;3;NULL;NULL;NULL;NULL;NULL;NULL;NULL;NULL;NULL;NULL;NULL;NULL;NULL;NULL;NULL;NULL;NULL;NULL;NULL;NULL;NULL;NULL;NULL;NULL;NULL;NULL;NULL;NULL;اشرف زكى;NULL;2009-07-16 15:12:50.000;NULL;0807;NULL;NULL;1;NULL;NULL;NULL;NULL;1;NULL;NULL;NULL;NULL;1;NULL;NULL;NULL;NULL;NULL;NULL;NULL;NULL
15;اللـــــــيزك;NULL;NULL;NULL;15;NULL;1;1;NULL;NULL;NULL;NULL;NULL;3;NULL;NULL;NULL;NULL;NULL;NULL;NULL;NULL;NULL;NULL;NULL;NULL;NULL;NULL;NULL;NULL;NULL;NULL;NULL;NULL;NULL;NULL;NULL;NULL;NULL;NULL;NULL;NULL;اشرف زكى;NULL;2013-03-02 15:08:14.000;NULL;;NULL;NULL;1;NULL;NULL;NULL;NULL;1;NULL;NULL;NULL;NULL;1;NULL;NULL;NULL;NULL;NULL;,15;NULL;NULL
1501;كشف;NULL;NULL;NULL;15;NULL;1;2;NULL;NULL;NULL;NULL;NULL;3;NULL;NULL;NULL;NULL;NULL;NULL;NULL;NULL;NULL;NULL;NULL;NULL;NULL;NULL;NULL;NULL;NULL;NULL;NULL;NULL;NULL;NULL;NULL;NULL;NULL;NULL;NULL;NULL;اشرف زكى;اشرف زكى;2013-03-02 15:09:29.000;2013-03-02 15:09:52.000;15;NULL;NULL;1;NULL;NULL;NULL;NULL;1;NULL;NULL;NULL;NULL;1;NULL;NULL;NULL;NULL;NULL;,15;NULL;NULL
1502;فحص عين بنتاكام ;NULL;NULL;NULL;15;NULL;1;2;NULL;NULL;NULL;NULL;NULL;3;NULL;NULL;NULL;NULL;NULL;NULL;NULL;NULL;NULL;NULL;NULL;NULL;NULL;NULL;NULL;NULL;NULL;NULL;NULL;NULL;NULL;NULL;NULL;NULL;NULL;NULL;NULL;NULL;اشرف زكى;مدير;2013-03-02 15:10:15.000;2022-12-03 16:26:51.000;15;NULL;NULL;1;NULL;NULL;NULL;NULL;1;NULL;NULL;NULL;NULL;1;NULL;NULL;NULL;NULL;NULL;,15;NULL;NULL
1503;عملية تصحيح عين - مركز;NULL;NULL;NULL;15;NULL;1;2;NULL;NULL;NULL;NULL;NULL;3;NULL;NULL;NULL;NULL;NULL;NULL;NULL;NULL;NULL;NULL;NULL;NULL;NULL;NULL;NULL;NULL;NULL;NULL;NULL;NULL;NULL;NULL;NULL;NULL;NULL;NULL;NULL;NULL;اشرف زكى;مدير;2013-03-02 15:10:50.000;2022-12-03 16:14:28.000;15;NULL;NULL;1;NULL;NULL;NULL;NULL;1;NULL;NULL;NULL;NULL;1;NULL;NULL;NULL;NULL;NULL;,15;NULL;NULL
1504;عملية تصحيح عينين - مركز;NULL;NULL;NULL;15;NULL;1;2;NULL;NULL;NULL;NULL;NULL;3;NULL;NULL;NULL;NULL;NULL;NULL;NULL;NULL;NULL;NULL;NULL;NULL;NULL;NULL;NULL;NULL;NULL;NULL;NULL;NULL;NULL;NULL;NULL;NULL;NULL;NULL;NULL;NULL;اشرف زكى;مدير;2013-03-28 15:31:54.000;2025-04-13 13:14:13.000;15;NULL;NULL;1;NULL;NULL;NULL;NULL;1;NULL;NULL;NULL;NULL;1;NULL;NULL;NULL;NULL;NULL;,15;NULL;NULL
1505;عملية تصحيح عين - طبيب خارجى;NULL;NULL;NULL;15;NULL;1;2;NULL;NULL;NULL;NULL;NULL;3;NULL;NULL;NULL;NULL;NULL;NULL;NULL;NULL;NULL;NULL;NULL;NULL;NULL;NULL;NULL;NULL;NULL;NULL;NULL;NULL;NULL;NULL;NULL;NULL;NULL;NULL;NULL;NULL;اشرف زكى;مدير;2013-03-28 15:33:37.000;2022-12-03 16:14:15.000;15;NULL;NULL;1;NULL;NULL;NULL;NULL;1;NULL;NULL;NULL;NULL;1;NULL;NULL;NULL;NULL;NULL;,15;NULL;NULL
1506;عملية تصحيح عينين - طبيب خارجى;NULL;NULL;NULL;15;NULL;1;2;NULL;NULL;NULL;NULL;NULL;3;NULL;NULL;NULL;NULL;NULL;NULL;NULL;NULL;NULL;NULL;NULL;NULL;NULL;NULL;NULL;NULL;NULL;NULL;NULL;NULL;NULL;NULL;NULL;NULL;NULL;NULL;NULL;NULL;اشرف زكى;مدير;2013-03-28 15:34:04.000;2022-12-03 16:14:08.000;15;NULL;NULL;1;NULL;NULL;NULL;NULL;1;NULL;NULL;NULL;NULL;1;NULL;NULL;NULL;NULL;NULL;,15;NULL;NULL
1507;عملية سطحي عين - طبيب خارجى;NULL;NULL;NULL;15;NULL;1;2;NULL;NULL;NULL;NULL;NULL;3;NULL;NULL;NULL;NULL;NULL;NULL;NULL;NULL;NULL;NULL;NULL;NULL;NULL;NULL;NULL;NULL;NULL;NULL;NULL;NULL;NULL;NULL;NULL;NULL;NULL;NULL;NULL;NULL;اشرف زكى;مدير;2013-03-28 15:36:04.000;2022-12-03 16:26:11.000;15;NULL;NULL;1;NULL;NULL;NULL;NULL;1;NULL;NULL;NULL;NULL;1;NULL;NULL;NULL;NULL;NULL;,15;NULL;NULL
1508;عملية سطحي عينين - طبيب خارجى;NULL;NULL;NULL;15;NULL;1;2;NULL;NULL;NULL;NULL;NULL;3;NULL;NULL;NULL;NULL;NULL;NULL;NULL;NULL;NULL;NULL;NULL;NULL;NULL;NULL;NULL;NULL;NULL;NULL;NULL;NULL;NULL;NULL;NULL;NULL;NULL;NULL;NULL;NULL;اشرف زكى;مدير;2013-03-28 15:36:59.000;2022-12-03 16:26:19.000;15;NULL;NULL;1;NULL;NULL;NULL;NULL;1;NULL;NULL;NULL;NULL;1;NULL;NULL;NULL;NULL;NULL;,15;NULL;NULL
1509;عملية تصحيح عين مركز - مشرط 90;NULL;NULL;NULL;15;NULL;1;2;NULL;NULL;NULL;NULL;NULL;3;NULL;NULL;NULL;NULL;NULL;NULL;NULL;NULL;NULL;NULL;NULL;NULL;NULL;NULL;NULL;NULL;NULL;NULL;NULL;NULL;NULL;NULL;NULL;NULL;NULL;NULL;NULL;NULL;اشرف زكى;مدير;2013-05-14 09:45:52.000;2022-12-03 16:14:48.000;15;NULL;NULL;1;NULL;NULL;NULL;NULL;1;NULL;NULL;NULL;NULL;0;NULL;NULL;NULL;NULL;NULL;,15;NULL;NULL
1510;عملية تصحيح عينين مركز - مشرط 90;NULL;NULL;NULL;15;NULL;1;2;NULL;NULL;NULL;NULL;NULL;3;NULL;NULL;NULL;NULL;NULL;NULL;NULL;NULL;NULL;NULL;NULL;NULL;NULL;NULL;NULL;NULL;NULL;NULL;NULL;NULL;NULL;NULL;NULL;NULL;NULL;NULL;NULL;NULL;اشرف زكى;مدير;2013-05-14 09:46:24.000;2022-12-03 16:14:52.000;15;NULL;NULL;1;NULL;NULL;NULL;NULL;1;NULL;NULL;NULL;NULL;0;NULL;NULL;NULL;NULL;NULL;,15;NULL;NULL
1511;عملية تصحيح عين مركز - د/السعدني;NULL;NULL;NULL;15;NULL;1;2;NULL;NULL;NULL;NULL;NULL;3;NULL;NULL;NULL;NULL;NULL;NULL;NULL;NULL;NULL;NULL;NULL;NULL;NULL;NULL;NULL;NULL;NULL;NULL;NULL;NULL;NULL;NULL;NULL;NULL;NULL;NULL;NULL;NULL;اشرف زكى;مدير;2013-09-03 15:25:08.000;2022-12-03 16:22:18.000;15;NULL;NULL;1;NULL;NULL;NULL;NULL;1;NULL;NULL;NULL;NULL;1;NULL;NULL;NULL;NULL;NULL;,15;NULL;NULL
1512;عملية تصحيح عينين مركز - د/السعدني;NULL;NULL;NULL;15;NULL;1;2;NULL;NULL;NULL;NULL;NULL;3;NULL;NULL;NULL;NULL;NULL;NULL;NULL;NULL;NULL;NULL;NULL;NULL;NULL;NULL;NULL;NULL;NULL;NULL;NULL;NULL;NULL;NULL;NULL;NULL;NULL;NULL;NULL;NULL;اشرف زكى;مدير;2013-09-03 15:25:51.000;2022-12-03 16:22:25.000;15;NULL;NULL;1;NULL;NULL;NULL;NULL;1;NULL;NULL;NULL;NULL;1;NULL;NULL;NULL;NULL;NULL;,15;NULL;NULL
1513;قياس ضغط العين;NULL;NULL;NULL;15;NULL;1;2;NULL;NULL;NULL;NULL;NULL;3;NULL;NULL;NULL;NULL;NULL;NULL;NULL;NULL;NULL;NULL;NULL;NULL;NULL;NULL;NULL;NULL;NULL;NULL;NULL;NULL;NULL;NULL;NULL;NULL;NULL;NULL;NULL;NULL;اشرف زكى;مدير;2015-10-15 12:27:01.000;2021-11-03 13:32:04.000;15;NULL;NULL;1;NULL;NULL;NULL;NULL;1;NULL;NULL;NULL;NULL;1;NULL;NULL;NULL;NULL;NULL;,15;NULL;NULL
1514;عملية تصحيح عين مركز - اخصائى;NULL;NULL;NULL;15;NULL;1;2;NULL;NULL;NULL;NULL;NULL;3;NULL;NULL;NULL;NULL;NULL;NULL;NULL;NULL;NULL;NULL;NULL;NULL;NULL;NULL;NULL;NULL;NULL;NULL;NULL;NULL;NULL;NULL;NULL;NULL;NULL;NULL;NULL;NULL;اشرف زكى;مدير;2013-09-03 15:26:24.000;2022-12-03 16:13:43.000;15;NULL;NULL;1;NULL;NULL;NULL;NULL;1;NULL;NULL;NULL;NULL;1;NULL;NULL;NULL;NULL;NULL;,15;NULL;NULL
1515;عملية تصحيح عينين مركز - اخصائى;NULL;NULL;NULL;15;NULL;1;2;NULL;NULL;NULL;NULL;NULL;3;NULL;NULL;NULL;NULL;NULL;NULL;NULL;NULL;NULL;NULL;NULL;NULL;NULL;NULL;NULL;NULL;NULL;NULL;NULL;NULL;NULL;NULL;NULL;NULL;NULL;NULL;NULL;NULL;اشرف زكى;مدير;2013-09-03 15:27:14.000;2022-12-03 16:13:37.000;15;NULL;NULL;1;NULL;NULL;NULL;NULL;1;NULL;NULL;NULL;NULL;1;NULL;NULL;NULL;NULL;NULL;,15;NULL;NULL
1516;عملية تصحيح عين مركز - استشارى;NULL;NULL;NULL;15;NULL;1;2;NULL;NULL;NULL;NULL;NULL;3;NULL;NULL;NULL;NULL;NULL;NULL;NULL;NULL;NULL;NULL;NULL;NULL;NULL;NULL;NULL;NULL;NULL;NULL;NULL;NULL;NULL;NULL;NULL;NULL;NULL;NULL;NULL;NULL;اشرف زكى;مدير;2013-09-04 13:54:05.000;2025-04-13 13:13:27.000;15;NULL;NULL;1;NULL;NULL;NULL;NULL;1;NULL;NULL;NULL;NULL;1;NULL;NULL;NULL;NULL;NULL;,15;NULL;NULL
1517;عملية تصحيح عينين مركز - استشارى;NULL;NULL;NULL;15;NULL;1;2;NULL;NULL;NULL;NULL;NULL;3;NULL;NULL;NULL;NULL;NULL;NULL;NULL;NULL;NULL;NULL;NULL;NULL;NULL;NULL;NULL;NULL;NULL;NULL;NULL;NULL;NULL;NULL;NULL;NULL;NULL;NULL;NULL;NULL;اشرف زكى;مدير;2013-09-04 13:54:57.000;2025-04-13 13:13:42.000;15;NULL;NULL;1;NULL;NULL;NULL;NULL;1;NULL;NULL;NULL;NULL;1;NULL;NULL;NULL;NULL;NULL;,15;NULL;NULL
1518;عملية تصحيح عين مركز اخصائى مشرط 90;NULL;NULL;NULL;15;NULL;1;2;NULL;NULL;NULL;NULL;NULL;3;NULL;NULL;NULL;NULL;NULL;NULL;NULL;NULL;NULL;NULL;NULL;NULL;NULL;NULL;NULL;NULL;NULL;NULL;NULL;NULL;NULL;NULL;NULL;NULL;NULL;NULL;NULL;NULL;اشرف زكى;مدير;2013-10-03 15:39:37.000;2022-12-03 16:15:13.000;15;NULL;NULL;1;NULL;NULL;NULL;NULL;1;NULL;NULL;NULL;NULL;0;NULL;NULL;NULL;NULL;NULL;,15;NULL;NULL
1519;عملية تصحيح عينين مركز اخصائى مشرط 90;NULL;NULL;NULL;15;NULL;1;2;NULL;NULL;NULL;NULL;NULL;3;NULL;NULL;NULL;NULL;NULL;NULL;NULL;NULL;NULL;NULL;NULL;NULL;NULL;NULL;NULL;NULL;NULL;NULL;NULL;NULL;NULL;NULL;NULL;NULL;NULL;NULL;NULL;NULL;اشرف زكى;مدير;2013-10-03 15:40:11.000;2022-12-03 16:15:17.000;15;NULL;NULL;1;NULL;NULL;NULL;NULL;1;NULL;NULL;NULL;NULL;0;NULL;NULL;NULL;NULL;NULL;,15;NULL;NULL
1520;عملية تصحيح عين - د/الصواف;NULL;NULL;NULL;15;NULL;1;2;NULL;NULL;NULL;NULL;NULL;3;NULL;NULL;NULL;NULL;NULL;NULL;NULL;NULL;NULL;NULL;NULL;NULL;NULL;NULL;NULL;NULL;NULL;NULL;NULL;NULL;NULL;NULL;NULL;NULL;NULL;NULL;NULL;NULL;اشرف زكى;مدير;2014-02-22 08:57:38.000;2022-12-03 16:12:47.000;15;NULL;NULL;1;NULL;NULL;NULL;NULL;1;NULL;NULL;NULL;NULL;1;NULL;NULL;NULL;NULL;NULL;,15;NULL;NULL
1521;عملية تصحيح عينين - د/الصواف;NULL;NULL;NULL;15;NULL;1;2;NULL;NULL;NULL;NULL;NULL;3;NULL;NULL;NULL;NULL;NULL;NULL;NULL;NULL;NULL;NULL;NULL;NULL;NULL;NULL;NULL;NULL;NULL;NULL;NULL;NULL;NULL;NULL;NULL;NULL;NULL;NULL;NULL;NULL;اشرف زكى;مدير;2014-02-22 08:58:21.000;2022-12-03 16:12:40.000;15;NULL;NULL;1;NULL;NULL;NULL;NULL;1;NULL;NULL;NULL;NULL;1;NULL;NULL;NULL;NULL;NULL;,15;NULL;NULL
1522;كشف استشارى - تعاقد;NULL;NULL;NULL;15;NULL;1;2;NULL;NULL;NULL;NULL;NULL;3;NULL;NULL;NULL;NULL;NULL;NULL;NULL;NULL;NULL;NULL;NULL;NULL;NULL;NULL;NULL;NULL;NULL;NULL;NULL;NULL;NULL;NULL;NULL;NULL;NULL;NULL;NULL;NULL;اشرف زكى;NULL;2018-09-16 11:01:35.000;NULL;15;NULL;NULL;1;NULL;NULL;NULL;NULL;1;NULL;NULL;NULL;NULL;1;NULL;NULL;NULL;NULL;NULL;,15;NULL;NULL
1523;كشف اخصائى - تعاقد;NULL;NULL;NULL;15;NULL;1;2;NULL;NULL;NULL;NULL;NULL;3;NULL;NULL;NULL;NULL;NULL;NULL;NULL;NULL;NULL;NULL;NULL;NULL;NULL;NULL;NULL;NULL;NULL;NULL;NULL;NULL;NULL;NULL;NULL;NULL;NULL;NULL;NULL;NULL;اشرف زكى;NULL;2018-09-16 11:02:09.000;NULL;15;NULL;NULL;1;NULL;NULL;NULL;NULL;1;NULL;NULL;NULL;NULL;1;NULL;NULL;NULL;NULL;NULL;,15;NULL;NULL
1524;فحص عين بنتاكام - تعاقد;NULL;NULL;NULL;15;NULL;1;2;NULL;NULL;NULL;NULL;NULL;3;NULL;NULL;NULL;NULL;NULL;NULL;NULL;NULL;NULL;NULL;NULL;NULL;NULL;NULL;NULL;NULL;NULL;NULL;NULL;NULL;NULL;NULL;NULL;NULL;NULL;NULL;NULL;NULL;اشرف زكى;مدير;2018-09-16 11:02:54.000;2022-12-03 16:25:21.000;15;NULL;NULL;1;NULL;NULL;NULL;NULL;1;NULL;NULL;NULL;NULL;1;NULL;NULL;NULL;NULL;NULL;,15;NULL;NULL
1560;كشف - الشروق;NULL;NULL;NULL;15;NULL;1;2;NULL;NULL;NULL;NULL;NULL;3;NULL;NULL;NULL;NULL;NULL;NULL;NULL;NULL;NULL;NULL;NULL;NULL;NULL;NULL;NULL;NULL;NULL;NULL;NULL;NULL;NULL;NULL;NULL;NULL;NULL;NULL;NULL;NULL;مدير;مدير;2021-10-27 16:10:23.000;2021-10-27 16:34:47.000;15;NULL;NULL;1;NULL;NULL;NULL;NULL;1;NULL;NULL;NULL;NULL;1;NULL;NULL;NULL;NULL;NULL;,15;NULL;NULL
1561;كشف خارجى - الشروق;NULL;NULL;NULL;15;NULL;1;2;NULL;NULL;NULL;NULL;NULL;3;NULL;NULL;NULL;NULL;NULL;NULL;NULL;NULL;NULL;NULL;NULL;NULL;NULL;NULL;NULL;NULL;NULL;NULL;NULL;NULL;NULL;NULL;NULL;NULL;NULL;NULL;NULL;NULL;مدير;NULL;2021-10-27 16:11:11.000;NULL;15;NULL;NULL;1;NULL;NULL;NULL;NULL;1;NULL;NULL;NULL;NULL;1;NULL;NULL;NULL;NULL;NULL;,15;NULL;NULL
1562;فحص عين بنتاكام - الشروق;NULL;NULL;NULL;15;NULL;1;2;NULL;NULL;NULL;NULL;NULL;3;NULL;NULL;NULL;NULL;NULL;NULL;NULL;NULL;NULL;NULL;NULL;NULL;NULL;NULL;NULL;NULL;NULL;NULL;NULL;NULL;NULL;NULL;NULL;NULL;NULL;NULL;NULL;NULL;مدير;مدير;2021-10-27 16:12:06.000;2022-12-03 16:25:15.000;15;NULL;NULL;1;NULL;NULL;NULL;NULL;1;NULL;NULL;NULL;NULL;1;NULL;NULL;NULL;NULL;NULL;,15;NULL;NULL
1563;عملية سطحي ط خارجى عين - الشروق;NULL;NULL;NULL;15;NULL;1;2;NULL;NULL;NULL;NULL;NULL;3;NULL;NULL;NULL;NULL;NULL;NULL;NULL;NULL;NULL;NULL;NULL;NULL;NULL;NULL;NULL;NULL;NULL;NULL;NULL;NULL;NULL;NULL;NULL;NULL;NULL;NULL;NULL;NULL;مدير;مدير;2021-10-27 16:13:18.000;2022-12-03 16:23:06.000;15;NULL;NULL;1;NULL;NULL;NULL;NULL;1;NULL;NULL;NULL;NULL;1;NULL;NULL;NULL;NULL;NULL;,15;NULL;NULL
1564;عملية سطحي ط خارجى عينين - الشروق;NULL;NULL;NULL;15;NULL;1;2;NULL;NULL;NULL;NULL;NULL;3;NULL;NULL;NULL;NULL;NULL;NULL;NULL;NULL;NULL;NULL;NULL;NULL;NULL;NULL;NULL;NULL;NULL;NULL;NULL;NULL;NULL;NULL;NULL;NULL;NULL;NULL;NULL;NULL;مدير;مدير;2021-10-27 16:13:57.000;2022-12-03 16:23:15.000;15;NULL;NULL;1;NULL;NULL;NULL;NULL;1;NULL;NULL;NULL;NULL;1;NULL;NULL;NULL;NULL;NULL;,15;NULL;NULL
1565;عملية تصحيح عين ط خارجى - الشروق;NULL;NULL;NULL;15;NULL;1;2;NULL;NULL;NULL;NULL;NULL;3;NULL;NULL;NULL;NULL;NULL;NULL;NULL;NULL;NULL;NULL;NULL;NULL;NULL;NULL;NULL;NULL;NULL;NULL;NULL;NULL;NULL;NULL;NULL;NULL;NULL;NULL;NULL;NULL;مدير;مدير;2021-10-27 16:15:07.000;2022-12-03 16:23:49.000;15;NULL;NULL;1;NULL;NULL;NULL;NULL;1;NULL;NULL;NULL;NULL;1;NULL;NULL;NULL;NULL;NULL;,15;NULL;NULL
1566;عملية تصحيح عينين ط خارجى - الشروق;NULL;NULL;NULL;15;NULL;1;2;NULL;NULL;NULL;NULL;NULL;3;NULL;NULL;NULL;NULL;NULL;NULL;NULL;NULL;NULL;NULL;NULL;NULL;NULL;NULL;NULL;NULL;NULL;NULL;NULL;NULL;NULL;NULL;NULL;NULL;NULL;NULL;NULL;NULL;مدير;مدير;2021-10-27 16:15:50.000;2022-12-03 16:12:18.000;15;NULL;NULL;1;NULL;NULL;NULL;NULL;1;NULL;NULL;NULL;NULL;1;NULL;NULL;NULL;NULL;NULL;,15;NULL;NULL
1567;عملية اخصائى مركز عين - الشروق;NULL;NULL;NULL;15;NULL;1;2;NULL;NULL;NULL;NULL;NULL;3;NULL;NULL;NULL;NULL;NULL;NULL;NULL;NULL;NULL;NULL;NULL;NULL;NULL;NULL;NULL;NULL;NULL;NULL;NULL;NULL;NULL;NULL;NULL;NULL;NULL;NULL;NULL;NULL;مدير;NULL;2021-10-27 16:16:51.000;NULL;15;NULL;NULL;1;NULL;NULL;NULL;NULL;1;NULL;NULL;NULL;NULL;1;NULL;NULL;NULL;NULL;NULL;,15;NULL;NULL
1568;عملية اخصائى مركز عينين - الشروق;NULL;NULL;NULL;15;NULL;1;2;NULL;NULL;NULL;NULL;NULL;3;NULL;NULL;NULL;NULL;NULL;NULL;NULL;NULL;NULL;NULL;NULL;NULL;NULL;NULL;NULL;NULL;NULL;NULL;NULL;NULL;NULL;NULL;NULL;NULL;NULL;NULL;NULL;NULL;مدير;NULL;2021-10-27 16:17:30.000;NULL;15;NULL;NULL;1;NULL;NULL;NULL;NULL;1;NULL;NULL;NULL;NULL;1;NULL;NULL;NULL;NULL;NULL;,15;NULL;NULL
1569;ايرادات متنوعة - الشروق;NULL;NULL;NULL;15;NULL;1;2;NULL;NULL;NULL;NULL;NULL;3;NULL;NULL;NULL;NULL;NULL;NULL;NULL;NULL;NULL;NULL;NULL;NULL;NULL;NULL;NULL;NULL;NULL;NULL;NULL;NULL;NULL;NULL;NULL;NULL;NULL;NULL;NULL;NULL;مدير;NULL;2021-10-27 16:18:19.000;NULL;15;NULL;NULL;1;NULL;NULL;NULL;NULL;1;NULL;NULL;NULL;NULL;1;NULL;NULL;NULL;NULL;NULL;,15;NULL;NULL
1570;كشف تعاقد - الشروق;NULL;NULL;NULL;15;NULL;1;2;NULL;NULL;NULL;NULL;NULL;3;NULL;NULL;NULL;NULL;NULL;NULL;NULL;NULL;NULL;NULL;NULL;NULL;NULL;NULL;NULL;NULL;NULL;NULL;NULL;NULL;NULL;NULL;NULL;NULL;NULL;NULL;NULL;NULL;مدير;NULL;2021-10-27 16:19:11.000;NULL;15;NULL;NULL;1;NULL;NULL;NULL;NULL;1;NULL;NULL;NULL;NULL;1;NULL;NULL;NULL;NULL;NULL;,15;NULL;NULL
1571;فحص عين بنتاكام - تعاقد - الشروق;NULL;NULL;NULL;15;NULL;1;2;NULL;NULL;NULL;NULL;NULL;3;NULL;NULL;NULL;NULL;NULL;NULL;NULL;NULL;NULL;NULL;NULL;NULL;NULL;NULL;NULL;NULL;NULL;NULL;NULL;NULL;NULL;NULL;NULL;NULL;NULL;NULL;NULL;NULL;مدير;مدير;2021-10-27 16:19:52.000;2022-12-03 16:24:07.000;15;NULL;NULL;1;NULL;NULL;NULL;NULL;1;NULL;NULL;NULL;NULL;1;NULL;NULL;NULL;NULL;NULL;,15;NULL;NULL
1572;فحص عين بنتاكام - طبيب خارجى - الشروق;NULL;NULL;NULL;15;NULL;1;2;NULL;NULL;NULL;NULL;NULL;3;NULL;NULL;NULL;NULL;NULL;NULL;NULL;NULL;NULL;NULL;NULL;NULL;NULL;NULL;NULL;NULL;NULL;NULL;NULL;NULL;NULL;NULL;NULL;NULL;NULL;NULL;NULL;NULL;مدير;مدير;2021-10-27 16:21:04.000;2022-12-03 16:24:18.000;15;NULL;NULL;1;NULL;NULL;NULL;NULL;1;NULL;NULL;NULL;NULL;1;NULL;NULL;NULL;NULL;NULL;,15;NULL;NULL
1573;استهلاك مشرط - ط خارجى - الشروق;NULL;NULL;NULL;15;NULL;1;2;NULL;NULL;NULL;NULL;NULL;3;NULL;NULL;NULL;NULL;NULL;NULL;NULL;NULL;NULL;NULL;NULL;NULL;NULL;NULL;NULL;NULL;NULL;NULL;NULL;NULL;NULL;NULL;NULL;NULL;NULL;NULL;NULL;NULL;مدير;مدير;2021-10-27 16:25:43.000;2022-12-03 16:28:12.000;15;NULL;NULL;1;NULL;NULL;NULL;NULL;1;NULL;NULL;NULL;NULL;1;NULL;NULL;NULL;NULL;NULL;,15;NULL;NULL
1574;استهلاك مشرط 90 - ط خارجى - الشروق;NULL;NULL;NULL;15;NULL;1;2;NULL;NULL;NULL;NULL;NULL;3;NULL;NULL;NULL;NULL;NULL;NULL;NULL;NULL;NULL;NULL;NULL;NULL;NULL;NULL;NULL;NULL;NULL;NULL;NULL;NULL;NULL;NULL;NULL;NULL;NULL;NULL;NULL;NULL;مدير;مدير;2021-10-27 16:22:02.000;2022-12-03 16:28:26.000;15;NULL;NULL;1;NULL;NULL;NULL;NULL;1;NULL;NULL;NULL;NULL;1;NULL;NULL;NULL;NULL;NULL;,15;NULL;NULL
1578;عملية تثبيت ضوئى;NULL;NULL;NULL;15;NULL;1;2;NULL;NULL;NULL;NULL;NULL;3;NULL;NULL;NULL;NULL;NULL;NULL;NULL;NULL;NULL;NULL;NULL;NULL;NULL;NULL;NULL;NULL;NULL;NULL;NULL;NULL;NULL;NULL;NULL;NULL;NULL;NULL;NULL;NULL;اشرف زكى;مدير;2018-08-02 11:03:05.000;2021-11-03 13:31:12.000;15;NULL;NULL;1;NULL;NULL;NULL;NULL;1;NULL;NULL;NULL;NULL;1;NULL;NULL;NULL;NULL;NULL;,15;NULL;NULL
1579;عملية فيمتو;NULL;NULL;NULL;15;NULL;1;2;NULL;NULL;NULL;NULL;NULL;3;NULL;NULL;NULL;NULL;NULL;NULL;NULL;NULL;NULL;NULL;NULL;NULL;NULL;NULL;NULL;NULL;NULL;NULL;NULL;NULL;NULL;NULL;NULL;NULL;NULL;NULL;NULL;NULL;اشرف زكى;مدير;2017-05-23 15:22:56.000;2021-11-03 13:31:05.000;15;NULL;NULL;1;NULL;NULL;NULL;NULL;1;NULL;NULL;NULL;NULL;1;NULL;NULL;NULL;NULL;NULL;,15;NULL;NULL
1580;عملية كاستم;NULL;NULL;NULL;15;NULL;1;2;NULL;NULL;NULL;NULL;NULL;3;NULL;NULL;NULL;NULL;NULL;NULL;NULL;NULL;NULL;NULL;NULL;NULL;NULL;NULL;NULL;NULL;NULL;NULL;NULL;NULL;NULL;NULL;NULL;NULL;NULL;NULL;NULL;NULL;اشرف زكى;مدير;2015-04-01 10:14:52.000;2021-10-27 16:32:25.000;15;NULL;NULL;1;NULL;NULL;NULL;NULL;1;NULL;NULL;NULL;NULL;1;NULL;NULL;NULL;NULL;NULL;,15;NULL;NULL
1581;عملية تصحيح ابصار عينين - استشارى (كفر الشيخ);NULL;NULL;NULL;15;NULL;1;2;NULL;NULL;NULL;NULL;NULL;3;NULL;NULL;NULL;NULL;NULL;NULL;NULL;NULL;NULL;NULL;NULL;NULL;NULL;NULL;NULL;NULL;NULL;NULL;NULL;NULL;NULL;NULL;NULL;NULL;NULL;NULL;NULL;NULL;اشرف زكى;مدير;2015-04-01 10:15:34.000;2022-12-03 16:18:53.000;15;NULL;NULL;1;NULL;NULL;NULL;NULL;1;NULL;NULL;NULL;NULL;0;NULL;NULL;NULL;NULL;NULL;,15;NULL;NULL
1582;قطرات اوركاديا (فورتى موكس);NULL;NULL;NULL;15;NULL;1;2;NULL;NULL;NULL;NULL;NULL;3;NULL;NULL;NULL;NULL;NULL;NULL;NULL;NULL;NULL;NULL;NULL;NULL;NULL;NULL;NULL;NULL;NULL;NULL;NULL;NULL;NULL;NULL;NULL;NULL;NULL;NULL;NULL;NULL;اشرف زكى;مدير;2019-03-11 13:41:49.000;2024-11-24 16:12:34.000;15;NULL;NULL;1;NULL;NULL;NULL;NULL;1;NULL;NULL;NULL;NULL;0;NULL;NULL;NULL;NULL;NULL;,15;NULL;NULL
1583;قطرات اوركاديا (جاتى ستار);NULL;NULL;NULL;15;NULL;1;2;NULL;NULL;NULL;NULL;NULL;3;NULL;NULL;NULL;NULL;NULL;NULL;NULL;NULL;NULL;NULL;NULL;NULL;NULL;NULL;NULL;NULL;NULL;NULL;NULL;NULL;NULL;NULL;NULL;NULL;NULL;NULL;NULL;NULL;اشرف زكى;مدير;2019-03-11 13:42:40.000;2024-11-24 16:12:23.000;15;NULL;NULL;1;NULL;NULL;NULL;NULL;1;NULL;NULL;NULL;NULL;0;NULL;NULL;NULL;NULL;NULL;,15;NULL;NULL
1584;ايرادات متنوعة - كمامات;NULL;NULL;NULL;15;NULL;1;2;NULL;NULL;NULL;NULL;NULL;3;NULL;NULL;NULL;NULL;NULL;NULL;NULL;NULL;NULL;NULL;NULL;NULL;NULL;NULL;NULL;NULL;NULL;NULL;NULL;NULL;NULL;NULL;NULL;NULL;NULL;NULL;NULL;NULL;اشرف زكى;مدير;2019-03-11 13:43:11.000;2021-11-03 14:04:22.000;15;NULL;NULL;1;NULL;NULL;NULL;NULL;1;NULL;NULL;NULL;NULL;1;NULL;NULL;NULL;NULL;NULL;,15;NULL;NULL
1585;رسوم عملية  كتاركت;NULL;NULL;NULL;15;NULL;1;2;NULL;NULL;NULL;NULL;NULL;3;NULL;NULL;NULL;NULL;NULL;NULL;NULL;NULL;NULL;NULL;NULL;NULL;NULL;NULL;NULL;NULL;NULL;NULL;NULL;NULL;NULL;NULL;NULL;NULL;NULL;NULL;NULL;NULL;اشرف زكى;NULL;2018-05-08 11:57:03.000;NULL;15;NULL;NULL;1;NULL;NULL;NULL;NULL;1;NULL;NULL;NULL;NULL;1;NULL;NULL;NULL;NULL;NULL;,15;NULL;NULL
1586;كشف خارجى;NULL;NULL;NULL;15;NULL;1;2;NULL;NULL;NULL;NULL;NULL;3;NULL;NULL;NULL;NULL;NULL;NULL;NULL;NULL;NULL;NULL;NULL;NULL;NULL;NULL;NULL;NULL;NULL;NULL;NULL;NULL;NULL;NULL;NULL;NULL;NULL;NULL;NULL;NULL;اشرف زكى;اشرف زكى;2017-03-30 10:51:46.000;2017-03-30 10:57:03.000;15;NULL;NULL;1;NULL;NULL;NULL;NULL;1;NULL;NULL;NULL;NULL;1;NULL;NULL;NULL;NULL;NULL;,15;NULL;NULL
1587;كشف تحديد عملية;NULL;NULL;NULL;15;NULL;1;2;NULL;NULL;NULL;NULL;NULL;3;NULL;NULL;NULL;NULL;NULL;NULL;NULL;NULL;NULL;NULL;NULL;NULL;NULL;NULL;NULL;NULL;NULL;NULL;NULL;NULL;NULL;NULL;NULL;NULL;NULL;NULL;NULL;NULL;اشرف زكى;اشرف زكى;2017-03-30 10:52:18.000;2017-03-30 10:57:15.000;15;NULL;NULL;1;NULL;NULL;NULL;NULL;1;NULL;NULL;NULL;NULL;1;NULL;NULL;NULL;NULL;NULL;,15;NULL;NULL
1588;رسوم فتح الجهاز;NULL;NULL;NULL;15;NULL;1;2;NULL;NULL;NULL;NULL;NULL;3;NULL;NULL;NULL;NULL;NULL;NULL;NULL;NULL;NULL;NULL;NULL;NULL;NULL;NULL;NULL;NULL;NULL;NULL;NULL;NULL;NULL;NULL;NULL;NULL;NULL;NULL;NULL;NULL;اشرف زكى;NULL;2016-11-02 15:43:46.000;NULL;15;NULL;NULL;1;NULL;NULL;NULL;NULL;1;NULL;NULL;NULL;NULL;1;NULL;NULL;NULL;NULL;NULL;,15;NULL;NULL
1589;كشف استشارى;NULL;NULL;NULL;15;NULL;1;2;NULL;NULL;NULL;NULL;NULL;3;;,230339,;NULL;NULL;NULL;NULL;NULL;NULL;NULL;NULL;NULL;NULL;NULL;NULL;NULL;NULL;NULL;NULL;NULL;NULL;NULL;NULL;NULL;NULL;NULL;NULL;NULL;NULL;اشرف زكى;مدير;2016-10-29 14:46:23.000;2022-08-03 13:11:28.000;15;NULL;NULL;1;NULL;NULL;NULL;NULL;1;NULL;NULL;NULL;NULL;1;NULL;NULL;NULL;NULL;NULL;,15;NULL;NULL
1590;فحص عين بنتاكام - طبيب خارجى;NULL;NULL;NULL;15;NULL;1;2;NULL;NULL;NULL;NULL;NULL;3;NULL;NULL;NULL;NULL;NULL;NULL;NULL;NULL;NULL;NULL;NULL;NULL;NULL;NULL;NULL;NULL;NULL;NULL;NULL;NULL;NULL;NULL;NULL;NULL;NULL;NULL;NULL;NULL;اشرف زكى;مدير;2016-02-04 14:34:33.000;2022-12-03 16:24:31.000;15;NULL;NULL;1;NULL;NULL;NULL;NULL;1;NULL;NULL;NULL;NULL;1;NULL;NULL;NULL;NULL;NULL;,15;NULL;NULL
1591;ايرادات متنوعة (قطرات اليكون);NULL;NULL;NULL;15;NULL;1;2;NULL;NULL;NULL;NULL;NULL;3;NULL;NULL;NULL;NULL;NULL;NULL;NULL;NULL;NULL;NULL;NULL;NULL;NULL;NULL;NULL;NULL;NULL;NULL;NULL;NULL;NULL;NULL;NULL;NULL;NULL;NULL;NULL;NULL;اشرف زكى;مدير;2014-11-10 15:54:03.000;2024-11-24 16:12:10.000;15;NULL;NULL;1;NULL;NULL;NULL;NULL;1;NULL;NULL;NULL;NULL;0;NULL;NULL;NULL;NULL;NULL;,15;NULL;NULL
1592;ايرادات متنوعة (قطرات الرجان);NULL;NULL;NULL;15;NULL;1;2;NULL;NULL;NULL;NULL;NULL;3;NULL;NULL;NULL;NULL;NULL;NULL;NULL;NULL;NULL;NULL;NULL;NULL;NULL;NULL;NULL;NULL;NULL;NULL;NULL;NULL;NULL;NULL;NULL;NULL;NULL;NULL;NULL;NULL;اشرف زكى;مدير;2014-11-10 15:54:33.000;2024-11-24 16:11:50.000;15;NULL;NULL;1;NULL;NULL;NULL;NULL;1;NULL;NULL;NULL;NULL;0;NULL;NULL;NULL;NULL;NULL;,15;NULL;NULL
1593;ايرادات متنوعة - قطرات;NULL;NULL;NULL;15;NULL;1;2;NULL;NULL;NULL;NULL;NULL;3;NULL;NULL;NULL;NULL;NULL;NULL;NULL;NULL;NULL;NULL;NULL;NULL;NULL;NULL;NULL;NULL;NULL;NULL;NULL;NULL;NULL;NULL;NULL;NULL;NULL;NULL;NULL;NULL;اشرف زكى;مدير;2014-08-23 15:11:40.000;2021-11-03 14:04:38.000;15;NULL;NULL;1;NULL;NULL;NULL;NULL;1;NULL;NULL;NULL;NULL;1;NULL;NULL;NULL;NULL;NULL;,15;NULL;NULL
1594;ايرادات متنوعة (قطرات جمجوم);NULL;NULL;NULL;15;NULL;1;2;NULL;NULL;NULL;NULL;NULL;3;NULL;NULL;NULL;NULL;NULL;NULL;NULL;NULL;NULL;NULL;NULL;NULL;NULL;NULL;NULL;NULL;NULL;NULL;NULL;NULL;NULL;NULL;NULL;NULL;NULL;NULL;NULL;NULL;اشرف زكى;مدير;2014-06-10 15:07:53.000;2024-11-24 16:12:00.000;15;NULL;NULL;1;NULL;NULL;NULL;NULL;1;NULL;NULL;NULL;NULL;0;NULL;NULL;NULL;NULL;NULL;,15;NULL;NULL
1595;مشرط 90 - موريا;NULL;NULL;NULL;15;NULL;1;2;NULL;NULL;NULL;NULL;NULL;3;NULL;NULL;NULL;NULL;NULL;NULL;NULL;NULL;NULL;NULL;NULL;NULL;NULL;NULL;NULL;NULL;NULL;NULL;NULL;NULL;NULL;NULL;NULL;NULL;NULL;NULL;NULL;NULL;اشرف زكى;مدير;2014-02-09 11:17:36.000;2024-11-24 16:11:32.000;15;NULL;NULL;1;NULL;NULL;NULL;NULL;1;NULL;NULL;NULL;NULL;1;NULL;NULL;NULL;NULL;NULL;,15;NULL;NULL
1596;مشرط 130 - موريا;NULL;NULL;NULL;15;NULL;1;2;NULL;NULL;NULL;NULL;NULL;3;NULL;NULL;NULL;NULL;NULL;NULL;NULL;NULL;NULL;NULL;NULL;NULL;NULL;NULL;NULL;NULL;NULL;NULL;NULL;NULL;NULL;NULL;NULL;NULL;NULL;NULL;NULL;NULL;اشرف زكى;مدير;2014-02-09 11:18:29.000;2024-11-24 16:11:39.000;15;NULL;NULL;1;NULL;NULL;NULL;NULL;1;NULL;NULL;NULL;NULL;1;NULL;NULL;NULL;NULL;NULL;,15;NULL;NULL
1597;استهلاك مشرط 90;NULL;NULL;NULL;15;NULL;1;2;NULL;NULL;NULL;NULL;NULL;3;NULL;NULL;NULL;NULL;NULL;NULL;NULL;NULL;NULL;NULL;NULL;NULL;NULL;NULL;NULL;NULL;NULL;NULL;NULL;NULL;NULL;NULL;NULL;NULL;NULL;NULL;NULL;NULL;اشرف زكى;مدير;2014-02-01 09:21:26.000;2024-11-24 16:11:21.000;15;NULL;NULL;1;NULL;NULL;NULL;NULL;1;NULL;NULL;NULL;NULL;0;NULL;NULL;NULL;NULL;NULL;,15;NULL;NULL
1598;استهلاك مشرط;NULL;NULL;NULL;15;NULL;1;2;NULL;NULL;NULL;NULL;NULL;3;NULL;NULL;NULL;NULL;NULL;NULL;NULL;NULL;NULL;NULL;NULL;NULL;NULL;NULL;NULL;NULL;NULL;NULL;NULL;NULL;NULL;NULL;NULL;NULL;NULL;NULL;NULL;NULL;اشرف زكى;مدير;2014-01-22 11:09:30.000;2024-11-24 16:11:15.000;15;NULL;NULL;1;NULL;NULL;NULL;NULL;1;NULL;NULL;NULL;NULL;0;NULL;NULL;NULL;NULL;NULL;,15;NULL;NULL
1599;قيمة تخدير كلى;NULL;NULL;NULL;15;NULL;1;2;NULL;NULL;NULL;NULL;NULL;3;NULL;NULL;NULL;NULL;NULL;NULL;NULL;NULL;NULL;NULL;NULL;NULL;NULL;NULL;NULL;NULL;NULL;NULL;NULL;NULL;NULL;NULL;NULL;NULL;NULL;NULL;NULL;NULL;اشرف زكى;NULL;2013-06-04 16:08:52.000;NULL;15;NULL;NULL;1;NULL;NULL;NULL;NULL;1;NULL;NULL;NULL;NULL;1;NULL;NULL;NULL;NULL;NULL;,15;NULL;NULL
1600;فحص عين بنتاكام - د/الصواف;NULL;NULL;NULL;15;NULL;1;2;NULL;NULL;NULL;NULL;NULL;3;NULL;NULL;NULL;NULL;NULL;NULL;NULL;NULL;NULL;NULL;NULL;NULL;NULL;NULL;NULL;NULL;NULL;NULL;NULL;NULL;NULL;NULL;NULL;NULL;NULL;NULL;NULL;NULL;مدير;مدير;2021-11-03 14:21:49.000;2022-12-03 16:24:41.000;15;NULL;NULL;1;NULL;NULL;NULL;NULL;1;NULL;NULL;NULL;NULL;1;NULL;NULL;NULL;NULL;NULL;,15;NULL;NULL
1601;فحص عين بنتاكام - الرمد;NULL;NULL;NULL;15;NULL;1;2;NULL;NULL;NULL;NULL;NULL;3;NULL;NULL;NULL;NULL;NULL;NULL;NULL;NULL;NULL;NULL;NULL;NULL;NULL;NULL;NULL;NULL;NULL;NULL;NULL;NULL;NULL;NULL;NULL;NULL;NULL;NULL;NULL;NULL;مدير;مدير;2022-07-16 14:51:17.000;2022-12-03 16:24:46.000;15;NULL;NULL;1;NULL;NULL;NULL;NULL;1;NULL;NULL;NULL;NULL;1;NULL;NULL;NULL;NULL;NULL;,15;NULL;NULL
1602;كشف نظاره - شعاع;NULL;NULL;NULL;15;NULL;1;2;NULL;NULL;NULL;NULL;NULL;3;NULL;NULL;NULL;NULL;NULL;NULL;NULL;NULL;NULL;NULL;NULL;NULL;NULL;NULL;NULL;NULL;NULL;NULL;NULL;NULL;NULL;NULL;NULL;NULL;NULL;NULL;NULL;NULL;مدير;مدير;2022-08-03 13:04:22.000;2022-08-03 13:07:33.000;15;NULL;NULL;1;NULL;NULL;NULL;NULL;1;NULL;NULL;NULL;NULL;1;NULL;NULL;NULL;NULL;NULL;,15;NULL;NULL
1603;قطرات - د/ الصواف;NULL;NULL;NULL;15;NULL;1;2;NULL;NULL;NULL;NULL;NULL;3;NULL;NULL;NULL;NULL;NULL;NULL;NULL;NULL;NULL;NULL;NULL;NULL;NULL;NULL;NULL;NULL;NULL;NULL;NULL;NULL;NULL;NULL;NULL;NULL;NULL;NULL;NULL;NULL;مدير;مدير;2023-02-01 14:33:41.000;2023-02-01 14:37:28.000;15;NULL;NULL;1;NULL;NULL;NULL;NULL;1;NULL;NULL;NULL;NULL;1;NULL;NULL;NULL;NULL;NULL;,15;NULL;NULL
1604;كشف نظاره - اوفو;NULL;NULL;NULL;15;NULL;1;2;NULL;NULL;NULL;NULL;NULL;3;NULL;NULL;NULL;NULL;NULL;NULL;NULL;NULL;NULL;NULL;NULL;NULL;NULL;NULL;NULL;NULL;NULL;NULL;NULL;NULL;NULL;NULL;NULL;NULL;NULL;NULL;NULL;NULL;مدير;مدير;2023-07-10 12:59:24.000;2023-07-10 13:01:43.000;15;NULL;NULL;1;NULL;NULL;NULL;NULL;1;NULL;NULL;NULL;NULL;1;NULL;NULL;NULL;NULL;NULL;,15;NULL;NULL
1605;كشف نظاره - جولد اي;NULL;NULL;NULL;15;NULL;1;2;NULL;NULL;NULL;NULL;NULL;3;NULL;NULL;NULL;NULL;NULL;NULL;NULL;NULL;NULL;NULL;NULL;NULL;NULL;NULL;NULL;NULL;NULL;NULL;NULL;NULL;NULL;NULL;NULL;NULL;NULL;NULL;NULL;NULL;مدير;مدير;2023-12-03 13:21:31.000;2024-04-01 22:47:35.000;15;NULL;NULL;1;NULL;NULL;NULL;NULL;1;0;NULL;NULL;NULL;1;NULL;NULL;NULL;NULL;NULL;,15;NULL;NULL
1606;كشف نظاره - كريزي;NULL;NULL;NULL;15;NULL;1;2;NULL;NULL;NULL;NULL;NULL;3;NULL;NULL;NULL;NULL;NULL;NULL;NULL;NULL;NULL;NULL;NULL;NULL;NULL;NULL;NULL;NULL;NULL;NULL;NULL;NULL;NULL;NULL;NULL;NULL;NULL;NULL;NULL;NULL;مدير;NULL;2024-04-01 22:48:26.000;NULL;15;NULL;NULL;1;NULL;NULL;NULL;NULL;1;NULL;NULL;NULL;NULL;1;NULL;NULL;NULL;NULL;NULL;,15;NULL;NULL
1607;ايرادات متنوعه;NULL;NULL;NULL;15;NULL;1;2;NULL;NULL;NULL;NULL;NULL;3;NULL;NULL;NULL;NULL;NULL;NULL;NULL;NULL;NULL;NULL;NULL;NULL;NULL;NULL;NULL;NULL;NULL;NULL;NULL;NULL;NULL;NULL;NULL;NULL;NULL;NULL;NULL;NULL;مدير;مدير;2024-05-05 13:43:13.000;2024-09-17 14:23:53.000;15;NULL;NULL;1;NULL;NULL;NULL;NULL;1;0;NULL;NULL;NULL;1;NULL;NULL;NULL;NULL;NULL;,15;NULL;NULL
1608;كشف نظاره - نوري;NULL;NULL;NULL;15;NULL;1;2;NULL;NULL;NULL;NULL;NULL;3;NULL;NULL;NULL;NULL;NULL;NULL;NULL;NULL;NULL;NULL;NULL;NULL;NULL;NULL;NULL;NULL;NULL;NULL;NULL;NULL;NULL;NULL;NULL;NULL;NULL;NULL;NULL;NULL;مدير;NULL;2024-09-17 14:25:09.000;NULL;15;NULL;NULL;1;NULL;NULL;NULL;NULL;1;NULL;NULL;NULL;NULL;1;NULL;NULL;NULL;NULL;NULL;,15;NULL;NULL
1609;كشف نظاره - زايد;NULL;NULL;NULL;15;NULL;1;2;NULL;NULL;NULL;NULL;NULL;3;NULL;NULL;NULL;NULL;NULL;NULL;NULL;NULL;NULL;NULL;NULL;NULL;NULL;NULL;NULL;NULL;NULL;NULL;NULL;NULL;NULL;NULL;NULL;NULL;NULL;NULL;NULL;NULL;مدير;NULL;2024-11-10 11:38:52.000;NULL;15;NULL;NULL;1;NULL;NULL;NULL;NULL;1;NULL;NULL;NULL;NULL;1;NULL;NULL;NULL;NULL;NULL;,15;NULL;NULL
1610;مشرط ميتال هيد;NULL;NULL;NULL;15;NULL;1;2;NULL;NULL;NULL;NULL;NULL;3;NULL;NULL;NULL;NULL;NULL;NULL;NULL;NULL;NULL;NULL;NULL;NULL;NULL;NULL;NULL;NULL;NULL;NULL;NULL;NULL;NULL;NULL;NULL;NULL;NULL;NULL;NULL;NULL;مدير;NULL;2024-11-24 15:59:39.000;NULL;15;NULL;NULL;1;NULL;NULL;NULL;NULL;1;NULL;NULL;NULL;NULL;1;NULL;NULL;NULL;NULL;NULL;,15;NULL;NULL
1611;عملية تصحيح مشرط ميتال هيد - عين;NULL;NULL;NULL;15;NULL;1;2;NULL;NULL;NULL;NULL;NULL;3;NULL;NULL;NULL;NULL;NULL;NULL;NULL;NULL;NULL;NULL;NULL;NULL;NULL;NULL;NULL;NULL;NULL;NULL;NULL;NULL;NULL;NULL;NULL;NULL;NULL;NULL;NULL;NULL;مدير;مدير;2024-11-24 16:00:22.000;2024-11-24 16:04:23.000;15;NULL;NULL;1;NULL;NULL;NULL;NULL;1;NULL;NULL;NULL;NULL;1;NULL;NULL;NULL;NULL;NULL;,15;NULL;NULL
1612;عملية تصحيح مشرط ميتال هيد - عينين;NULL;NULL;NULL;15;NULL;1;2;NULL;NULL;NULL;NULL;NULL;3;NULL;NULL;NULL;NULL;NULL;NULL;NULL;NULL;NULL;NULL;NULL;NULL;NULL;NULL;NULL;NULL;NULL;NULL;NULL;NULL;NULL;NULL;NULL;NULL;NULL;NULL;NULL;NULL;مدير;NULL;2024-11-24 16:04:15.000;NULL;15;NULL;NULL;1;NULL;NULL;NULL;NULL;1;NULL;NULL;NULL;NULL;1;NULL;NULL;NULL;NULL;NULL;,15;NULL;NULL
1613;كشف خارجي - عياده;NULL;NULL;NULL;15;NULL;1;2;NULL;NULL;NULL;NULL;NULL;3;NULL;NULL;NULL;NULL;NULL;NULL;NULL;NULL;NULL;NULL;NULL;NULL;NULL;NULL;NULL;NULL;NULL;NULL;NULL;NULL;NULL;NULL;NULL;NULL;NULL;NULL;NULL;NULL;مدير;NULL;2025-07-01 15:35:16.000;NULL;15;NULL;NULL;1;NULL;NULL;NULL;NULL;1;0;NULL;NULL;NULL;1;NULL;NULL;NULL;NULL;NULL;,15;NULL;NULL
1614;فحص عين بنتاكام - الرمد - الشروق;NULL;NULL;NULL;15;NULL;1;2;NULL;NULL;NULL;NULL;NULL;3;NULL;NULL;NULL;NULL;NULL;NULL;NULL;NULL;NULL;NULL;NULL;NULL;NULL;NULL;NULL;NULL;NULL;NULL;NULL;NULL;NULL;NULL;NULL;NULL;NULL;NULL;NULL;NULL;مدير;مدير;2025-07-21 15:48:46.000;2025-07-21 15:53:00.000;15;NULL;NULL;1;NULL;NULL;NULL;NULL;1;NULL;NULL;NULL;NULL;1;NULL;NULL;NULL;NULL;NULL;,15;NULL;NULL
